0 verbose cli /data/data/com.termux/files/usr/bin/node /data/data/com.termux/files/usr/bin/npm
1 info using npm@11.20.0
2 info using node@v24.18.0
3 silly config load:file:/data/data/com.termux/files/usr/lib/node_modules/npm/npmrc
4 silly config load:file:/data/data/com.termux/files/home/website/.npmrc
5 silly config load:file:/data/data/com.termux/files/home/.npmrc
6 silly config load:file:/data/data/com.termux/files/usr/etc/npmrc
7 verbose title npm install
8 verbose argv "install" "--legacy-peer-deps"
9 verbose logfile logs-max:10 dir:/data/data/com.termux/files/home/.npm/_logs/2026-10-09T10_26_56_321Z-
10 verbose logfile /data/data/com.termux/files/home/.npm/_logs/2026-10-09T10_26_56_321Z-debug-0.log
11 silly logfile start cleaning logs, removing 1 files
12 silly logfile done cleaning log files
13 silly packumentCache heap:1174405120 maxSize:293601280 maxEntrySize:146800640
14 silly idealTree buildDeps
15 silly fetch manifest @google/genai@^2.4.0
16 silly packumentCache full:https://registry.npmjs.org/@google%2fgenai cache-miss
17 http cache https://registry.npmjs.org/@google%2fgenai 78ms (cache hit)
18 silly packumentCache full:https://registry.npmjs.org/@google%2fgenai set size:612947 disposed:false
19 silly fetch manifest @tailwindcss/vite@^4.3.3
20 silly packumentCache full:https://registry.npmjs.org/@tailwindcss%2fvite cache-miss
21 http cache https://registry.npmjs.org/@tailwindcss%2fvite 20ms (cache hit)
22 silly packumentCache full:https://registry.npmjs.org/@tailwindcss%2fvite set size:2323691 disposed:false
23 silly fetch manifest @vitejs/plugin-react@^6.1.1
24 silly packumentCache full:https://registry.npmjs.org/@vitejs%2fplugin-react cache-miss
25 http cache https://registry.npmjs.org/@vitejs%2fplugin-react 14ms (cache hit)
26 silly packumentCache full:https://registry.npmjs.org/@vitejs%2fplugin-react set size:287413 disposed:false
27 silly fetch manifest dotenv@^17.2.3
28 silly packumentCache full:https://registry.npmjs.org/dotenv cache-miss
29 http cache https://registry.npmjs.org/dotenv 50ms (cache hit)
30 silly packumentCache full:https://registry.npmjs.org/dotenv set size:298088 disposed:false
31 silly fetch manifest express@^4.21.2
32 silly packumentCache full:https://registry.npmjs.org/express cache-miss
33 http cache https://registry.npmjs.org/express 29ms (cache hit)
34 silly packumentCache full:https://registry.npmjs.org/express set size:808998 disposed:false
35 silly fetch manifest lucide-react@^0.546.0
36 silly packumentCache full:https://registry.npmjs.org/lucide-react cache-miss
37 http cache https://registry.npmjs.org/lucide-react 32ms (cache hit)
38 silly packumentCache full:https://registry.npmjs.org/lucide-react set size:2386727 disposed:false
39 silly fetch manifest mongodb@^7.7.0
40 silly packumentCache full:https://registry.npmjs.org/mongodb cache-miss
41 http cache https://registry.npmjs.org/mongodb 49ms (cache hit)
42 silly packumentCache full:https://registry.npmjs.org/mongodb set size:5219781 disposed:false
43 silly fetch manifest motion@^12.23.24
44 silly packumentCache full:https://registry.npmjs.org/motion cache-miss
45 http cache https://registry.npmjs.org/motion 14ms (cache hit)
46 silly packumentCache full:https://registry.npmjs.org/motion set size:1468765 disposed:false
47 silly fetch manifest nodemailer@^10.0.16
48 silly packumentCache full:https://registry.npmjs.org/nodemailer cache-miss
49 http cache https://registry.npmjs.org/nodemailer 14ms (cache hit)
50 silly packumentCache full:https://registry.npmjs.org/nodemailer set size:710477 disposed:false
51 silly fetch manifest react@^19.0.1
52 silly packumentCache full:https://registry.npmjs.org/react cache-miss
53 http cache https://registry.npmjs.org/react 31ms (cache hit)
54 silly packumentCache full:https://registry.npmjs.org/react set size:7030932 disposed:false
55 silly fetch manifest react-dom@^19.0.1
56 silly packumentCache full:https://registry.npmjs.org/react-dom cache-miss
57 http cache https://registry.npmjs.org/react-dom 44ms (cache hit)
58 silly packumentCache full:https://registry.npmjs.org/react-dom set size:9478341 disposed:false
59 silly fetch manifest vite@^8.3.0
60 silly packumentCache full:https://registry.npmjs.org/vite cache-miss
61 http cache https://registry.npmjs.org/vite 146ms (cache hit)
62 silly packumentCache full:https://registry.npmjs.org/vite set size:38988699 disposed:false
63 silly fetch manifest @types/express@^4.17.21
64 silly packumentCache full:https://registry.npmjs.org/@types%2fexpress cache-miss
65 http cache https://registry.npmjs.org/@types%2fexpress 16ms (cache hit)
66 silly packumentCache full:https://registry.npmjs.org/@types%2fexpress set size:111396 disposed:false
67 silly fetch manifest @types/node@^22.14.0
68 silly packumentCache full:https://registry.npmjs.org/@types%2fnode cache-miss
69 http cache https://registry.npmjs.org/@types%2fnode 81ms (cache hit)
70 silly packumentCache full:https://registry.npmjs.org/@types%2fnode set size:11171832 disposed:false
71 silly fetch manifest @types/nodemailer@^8.0.2
72 silly packumentCache full:https://registry.npmjs.org/@types%2fnodemailer cache-miss
73 http cache https://registry.npmjs.org/@types%2fnodemailer 7ms (cache hit)
74 silly packumentCache full:https://registry.npmjs.org/@types%2fnodemailer set size:175166 disposed:false
75 silly fetch manifest @types/react@^19.3.0
76 silly packumentCache full:https://registry.npmjs.org/@types%2freact cache-miss
77 http cache https://registry.npmjs.org/@types%2freact 16ms (cache hit)
78 silly packumentCache full:https://registry.npmjs.org/@types%2freact set size:2642195 disposed:false
79 silly fetch manifest @types/react-dom@^19.3.0
80 silly packumentCache full:https://registry.npmjs.org/@types%2freact-dom cache-miss
81 http cache https://registry.npmjs.org/@types%2freact-dom 26ms (cache hit)
82 silly packumentCache full:https://registry.npmjs.org/@types%2freact-dom set size:444906 disposed:false
83 silly fetch manifest autoprefixer@^10.4.21
84 silly packumentCache full:https://registry.npmjs.org/autoprefixer cache-miss
85 http cache https://registry.npmjs.org/autoprefixer 10ms (cache hit)
86 silly packumentCache full:https://registry.npmjs.org/autoprefixer set size:1414323 disposed:false
87 silly fetch manifest esbuild@^0.25.0
88 silly packumentCache full:https://registry.npmjs.org/esbuild cache-miss
89 http cache https://registry.npmjs.org/esbuild 12ms (cache hit)
90 silly packumentCache full:https://registry.npmjs.org/esbuild set size:1264676 disposed:false
91 silly fetch manifest tailwindcss@^4.3.3
92 silly packumentCache full:https://registry.npmjs.org/tailwindcss cache-miss
93 http cache https://registry.npmjs.org/tailwindcss 46ms (cache hit)
94 silly packumentCache full:https://registry.npmjs.org/tailwindcss set size:10893093 disposed:false
95 silly fetch manifest tsx@^4.21.0
96 silly packumentCache full:https://registry.npmjs.org/tsx cache-miss
97 http cache https://registry.npmjs.org/tsx 8ms (cache hit)
98 silly packumentCache full:https://registry.npmjs.org/tsx set size:349770 disposed:false
99 silly fetch manifest typescript@^7.0.2
100 silly packumentCache full:https://registry.npmjs.org/typescript cache-miss
101 http cache https://registry.npmjs.org/typescript 52ms (cache hit)
102 silly packumentCache full:https://registry.npmjs.org/typescript set size:15775176 disposed:false
103 silly placeDep ROOT @google/genai@2.28.0 OK for: react-example@0.0.0 want: ^2.4.0
104 silly placeDep ROOT @tailwindcss/vite@4.3.3 OK for: react-example@0.0.0 want: ^4.3.3
105 silly placeDep ROOT @types/express@4.17.25 OK for: react-example@0.0.0 want: ^4.17.21
106 silly placeDep ROOT @types/node@22.20.5 OK for: react-example@0.0.0 want: ^22.14.0
107 silly placeDep ROOT @types/nodemailer@8.0.2 OK for: react-example@0.0.0 want: ^8.0.2
108 silly placeDep ROOT @types/react@19.3.0 OK for: react-example@0.0.0 want: ^19.3.0
109 silly placeDep ROOT @types/react-dom@19.3.0 OK for: react-example@0.0.0 want: ^19.3.0
110 silly placeDep ROOT @vitejs/plugin-react@6.1.2 OK for: react-example@0.0.0 want: ^6.1.1
111 silly placeDep ROOT autoprefixer@10.6.1 OK for: react-example@0.0.0 want: ^10.4.21
112 silly placeDep ROOT dotenv@17.4.2 OK for: react-example@0.0.0 want: ^17.2.3
113 silly placeDep ROOT esbuild@0.25.12 OK for: react-example@0.0.0 want: ^0.25.0
114 silly placeDep ROOT express@4.22.3 OK for: react-example@0.0.0 want: ^4.21.2
115 silly placeDep ROOT lucide-react@0.546.0 OK for: react-example@0.0.0 want: ^0.546.0
116 silly placeDep ROOT mongodb@7.7.0 OK for: react-example@0.0.0 want: ^7.7.0
117 silly placeDep ROOT motion@12.43.0 OK for: react-example@0.0.0 want: ^12.23.24
118 silly placeDep ROOT nodemailer@10.0.16 OK for: react-example@0.0.0 want: ^10.0.16
119 silly placeDep ROOT react@19.3.0 OK for: react-example@0.0.0 want: ^19.0.1
120 silly placeDep ROOT react-dom@19.3.0 OK for: react-example@0.0.0 want: ^19.0.1
121 silly placeDep ROOT tailwindcss@4.3.3 OK for: react-example@0.0.0 want: ^4.3.3
122 silly placeDep ROOT tsx@4.23.15 OK for: react-example@0.0.0 want: ^4.21.0
123 silly placeDep ROOT typescript@7.0.2 OK for: react-example@0.0.0 want: ^7.0.2
124 silly placeDep ROOT vite@8.3.4 OK for: react-example@0.0.0 want: ^8.3.0
125 silly fetch manifest ws@^8.18.0
126 silly packumentCache full:https://registry.npmjs.org/ws cache-miss
127 silly fetch manifest p-retry@^4.6.2
128 silly packumentCache full:https://registry.npmjs.org/p-retry cache-miss
129 silly fetch manifest protobufjs@^7.5.4
130 silly packumentCache full:https://registry.npmjs.org/protobufjs cache-miss
131 silly fetch manifest google-auth-library@^10.3.0
132 silly packumentCache full:https://registry.npmjs.org/google-auth-library cache-miss
133 silly fetch manifest tailwindcss@4.3.3
134 silly packumentCache full:https://registry.npmjs.org/tailwindcss cache-miss
135 silly fetch manifest @tailwindcss/node@4.3.3
136 silly packumentCache full:https://registry.npmjs.org/@tailwindcss%2fnode cache-miss
137 silly fetch manifest @tailwindcss/oxide@4.3.3
138 silly packumentCache full:https://registry.npmjs.org/@tailwindcss%2foxide cache-miss
139 http cache https://registry.npmjs.org/ws 30ms (cache hit)
140 silly packumentCache full:https://registry.npmjs.org/ws set size:450180 disposed:false
141 silly fetch manifest @types/qs@*
142 silly packumentCache full:https://registry.npmjs.org/@types%2fqs cache-miss
143 http cache https://registry.npmjs.org/p-retry 44ms (cache hit)
144 silly packumentCache full:https://registry.npmjs.org/p-retry set size:74336 disposed:false
145 silly fetch manifest @types/body-parser@*
146 silly packumentCache full:https://registry.npmjs.org/@types%2fbody-parser cache-miss
147 http cache https://registry.npmjs.org/protobufjs 50ms (cache hit)
148 silly packumentCache full:https://registry.npmjs.org/protobufjs set size:760935 disposed:false
149 silly fetch manifest @types/serve-static@^1
150 silly packumentCache full:https://registry.npmjs.org/@types%2fserve-static cache-miss
151 http cache https://registry.npmjs.org/google-auth-library 69ms (cache hit)
152 silly packumentCache full:https://registry.npmjs.org/google-auth-library set size:752128 disposed:false
153 silly fetch manifest @types/express-serve-static-core@^4.17.33
154 silly packumentCache full:https://registry.npmjs.org/@types%2fexpress-serve-static-core cache-miss
155 http cache https://registry.npmjs.org/@tailwindcss%2foxide 94ms (cache hit)
156 silly packumentCache full:https://registry.npmjs.org/@tailwindcss%2foxide set size:4779464 disposed:false
157 silly fetch manifest undici-types@~6.21.0
158 silly packumentCache full:https://registry.npmjs.org/undici-types cache-miss
159 http cache https://registry.npmjs.org/tailwindcss 174ms (cache hit)
160 silly packumentCache full:https://registry.npmjs.org/tailwindcss set size:10893093 disposed:false
161 silly fetch manifest csstype@^3.2.2
162 silly packumentCache full:https://registry.npmjs.org/csstype cache-miss
163 http cache https://registry.npmjs.org/@tailwindcss%2fnode 311ms (cache hit)
164 silly packumentCache full:https://registry.npmjs.org/@tailwindcss%2fnode set size:2379056 disposed:false
165 silly fetch manifest @rolldown/pluginutils@^1.0.1
166 silly packumentCache full:https://registry.npmjs.org/@rolldown%2fpluginutils cache-miss
167 http cache https://registry.npmjs.org/@types%2fserve-static 304ms (cache hit)
168 silly packumentCache full:https://registry.npmjs.org/@types%2fserve-static set size:70891 disposed:false
169 silly fetch manifest picocolors@^1.1.1
170 silly packumentCache full:https://registry.npmjs.org/picocolors cache-miss
171 http cache https://registry.npmjs.org/@types%2fbody-parser 330ms (cache hit)
172 silly packumentCache full:https://registry.npmjs.org/@types%2fbody-parser set size:59500 disposed:false
173 silly fetch manifest fraction.js@^5.3.4
174 silly packumentCache full:https://registry.npmjs.org/fraction.js cache-miss
175 http cache https://registry.npmjs.org/undici-types 231ms (cache hit)
176 silly packumentCache full:https://registry.npmjs.org/undici-types set size:270043 disposed:false
177 silly fetch manifest browserslist@^4.28.9
178 silly packumentCache full:https://registry.npmjs.org/browserslist cache-miss
179 http cache https://registry.npmjs.org/csstype 81ms (cache hit)
180 silly packumentCache full:https://registry.npmjs.org/csstype set size:274189 disposed:false
181 silly fetch manifest caniuse-lite@^1.0.30001810
182 silly packumentCache full:https://registry.npmjs.org/caniuse-lite cache-miss
183 http cache https://registry.npmjs.org/@types%2fexpress-serve-static-core 311ms (cache hit)
184 silly packumentCache full:https://registry.npmjs.org/@types%2fexpress-serve-static-core set size:271787 disposed:false
185 silly fetch manifest postcss-value-parser@^4.2.0
186 silly packumentCache full:https://registry.npmjs.org/postcss-value-parser cache-miss
187 http cache https://registry.npmjs.org/@rolldown%2fpluginutils 60ms (cache hit)
188 silly packumentCache full:https://registry.npmjs.org/@rolldown%2fpluginutils set size:300388 disposed:false
189 silly fetch manifest @esbuild/aix-ppc64@0.25.12
190 silly packumentCache full:https://registry.npmjs.org/@esbuild%2faix-ppc64 cache-miss
191 http cache https://registry.npmjs.org/@types%2fqs 375ms (cache hit)
192 silly packumentCache full:https://registry.npmjs.org/@types%2fqs set size:84556 disposed:false
193 silly fetch manifest @esbuild/linux-arm@0.25.12
194 silly packumentCache full:https://registry.npmjs.org/@esbuild%2flinux-arm cache-miss
195 http cache https://registry.npmjs.org/browserslist 48ms (cache hit)
196 silly packumentCache full:https://registry.npmjs.org/browserslist set size:530436 disposed:false
197 silly fetch manifest @esbuild/linux-x64@0.25.12
198 silly packumentCache full:https://registry.npmjs.org/@esbuild%2flinux-x64 cache-miss
199 http cache https://registry.npmjs.org/postcss-value-parser 44ms (cache hit)
200 silly packumentCache full:https://registry.npmjs.org/postcss-value-parser set size:73526 disposed:false
201 silly fetch manifest @esbuild/sunos-x64@0.25.12
202 silly packumentCache full:https://registry.npmjs.org/@esbuild%2fsunos-x64 cache-miss
203 http cache https://registry.npmjs.org/picocolors 80ms (cache hit)
204 silly packumentCache full:https://registry.npmjs.org/picocolors set size:16648 disposed:false
205 silly fetch manifest @esbuild/win32-x64@0.25.12
206 silly packumentCache full:https://registry.npmjs.org/@esbuild%2fwin32-x64 cache-miss
207 http cache https://registry.npmjs.org/@esbuild%2faix-ppc64 44ms (cache hit)
208 silly packumentCache full:https://registry.npmjs.org/@esbuild%2faix-ppc64 set size:67797 disposed:false
209 silly fetch manifest @esbuild/darwin-x64@0.25.12
210 silly packumentCache full:https://registry.npmjs.org/@esbuild%2fdarwin-x64 cache-miss
211 http cache https://registry.npmjs.org/fraction.js 85ms (cache hit)
212 silly packumentCache full:https://registry.npmjs.org/fraction.js set size:149386 disposed:false
213 silly fetch manifest @esbuild/linux-ia32@0.25.12
214 silly packumentCache full:https://registry.npmjs.org/@esbuild%2flinux-ia32 cache-miss
215 http cache https://registry.npmjs.org/caniuse-lite 80ms (cache hit)
216 silly packumentCache full:https://registry.npmjs.org/caniuse-lite set size:2321958 disposed:false
217 silly fetch manifest @esbuild/netbsd-x64@0.25.12
218 silly packumentCache full:https://registry.npmjs.org/@esbuild%2fnetbsd-x64 cache-miss
219 http cache https://registry.npmjs.org/@esbuild%2flinux-arm 89ms (cache hit)
220 silly packumentCache full:https://registry.npmjs.org/@esbuild%2flinux-arm set size:198596 disposed:false
221 silly fetch manifest @esbuild/win32-ia32@0.25.12
222 silly packumentCache full:https://registry.npmjs.org/@esbuild%2fwin32-ia32 cache-miss
223 http cache https://registry.npmjs.org/@esbuild%2flinux-x64 81ms (cache hit)
224 silly packumentCache full:https://registry.npmjs.org/@esbuild%2flinux-x64 set size:198942 disposed:false
225 silly fetch manifest @esbuild/android-arm@0.25.12
226 silly packumentCache full:https://registry.npmjs.org/@esbuild%2fandroid-arm cache-miss
227 http cache https://registry.npmjs.org/@esbuild%2fsunos-x64 81ms (cache hit)
228 silly packumentCache full:https://registry.npmjs.org/@esbuild%2fsunos-x64 set size:199187 disposed:false
229 silly fetch manifest @esbuild/android-x64@0.25.12
230 silly packumentCache full:https://registry.npmjs.org/@esbuild%2fandroid-x64 cache-miss
231 http cache https://registry.npmjs.org/@esbuild%2fwin32-x64 84ms (cache hit)
232 silly packumentCache full:https://registry.npmjs.org/@esbuild%2fwin32-x64 set size:197540 disposed:false
233 silly fetch manifest @esbuild/freebsd-x64@0.25.12
234 silly packumentCache full:https://registry.npmjs.org/@esbuild%2ffreebsd-x64 cache-miss
235 http cache https://registry.npmjs.org/@esbuild%2fdarwin-x64 85ms (cache hit)
236 silly packumentCache full:https://registry.npmjs.org/@esbuild%2fdarwin-x64 set size:199670 disposed:false
237 silly fetch manifest @esbuild/linux-arm64@0.25.12
238 silly packumentCache full:https://registry.npmjs.org/@esbuild%2flinux-arm64 cache-miss
239 http cache https://registry.npmjs.org/@esbuild%2flinux-ia32 83ms (cache hit)
240 silly packumentCache full:https://registry.npmjs.org/@esbuild%2flinux-ia32 set size:199625 disposed:false
241 silly fetch manifest @esbuild/linux-ppc64@0.25.12
242 silly packumentCache full:https://registry.npmjs.org/@esbuild%2flinux-ppc64 cache-miss
243 http cache https://registry.npmjs.org/@esbuild%2fnetbsd-x64 52ms (cache hit)
244 silly packumentCache full:https://registry.npmjs.org/@esbuild%2fnetbsd-x64 set size:197314 disposed:false
245 silly fetch manifest @esbuild/linux-s390x@0.25.12
246 silly packumentCache full:https://registry.npmjs.org/@esbuild%2flinux-s390x cache-miss
247 http cache https://registry.npmjs.org/@esbuild%2fwin32-ia32 53ms (cache hit)
248 silly packumentCache full:https://registry.npmjs.org/@esbuild%2fwin32-ia32 set size:199854 disposed:false
249 silly fetch manifest @esbuild/openbsd-x64@0.25.12
250 silly packumentCache full:https://registry.npmjs.org/@esbuild%2fopenbsd-x64 cache-miss
251 http cache https://registry.npmjs.org/@esbuild%2fandroid-arm 54ms (cache hit)
252 silly packumentCache full:https://registry.npmjs.org/@esbuild%2fandroid-arm set size:225217 disposed:false
253 silly fetch manifest @esbuild/win32-arm64@0.25.12
254 silly packumentCache full:https://registry.npmjs.org/@esbuild%2fwin32-arm64 cache-miss
255 http cache https://registry.npmjs.org/@esbuild%2fandroid-x64 55ms (cache hit)
256 silly packumentCache full:https://registry.npmjs.org/@esbuild%2fandroid-x64 set size:199017 disposed:false
257 silly fetch manifest @esbuild/darwin-arm64@0.25.12
258 silly packumentCache full:https://registry.npmjs.org/@esbuild%2fdarwin-arm64 cache-miss
259 http cache https://registry.npmjs.org/@esbuild%2flinux-arm64 48ms (cache hit)
260 silly packumentCache full:https://registry.npmjs.org/@esbuild%2flinux-arm64 set size:200773 disposed:false
261 silly fetch manifest @esbuild/netbsd-arm64@0.25.12
262 silly packumentCache full:https://registry.npmjs.org/@esbuild%2fnetbsd-arm64 cache-miss
263 http cache https://registry.npmjs.org/@esbuild%2flinux-ppc64 47ms (cache hit)
264 silly packumentCache full:https://registry.npmjs.org/@esbuild%2flinux-ppc64 set size:202845 disposed:false
265 silly fetch manifest @esbuild/android-arm64@0.25.12
266 silly packumentCache full:https://registry.npmjs.org/@esbuild%2fandroid-arm64 cache-miss
267 http cache https://registry.npmjs.org/@esbuild%2ffreebsd-x64 65ms (cache hit)
268 silly packumentCache full:https://registry.npmjs.org/@esbuild%2ffreebsd-x64 set size:200565 disposed:false
269 silly fetch manifest @esbuild/freebsd-arm64@0.25.12
270 silly packumentCache full:https://registry.npmjs.org/@esbuild%2ffreebsd-arm64 cache-miss
271 http cache https://registry.npmjs.org/@esbuild%2flinux-s390x 52ms (cache hit)
272 silly packumentCache full:https://registry.npmjs.org/@esbuild%2flinux-s390x set size:202310 disposed:false
273 silly fetch manifest @esbuild/linux-loong64@0.25.12
274 silly packumentCache full:https://registry.npmjs.org/@esbuild%2flinux-loong64 cache-miss
275 http cache https://registry.npmjs.org/@esbuild%2fopenbsd-x64 52ms (cache hit)
276 silly packumentCache full:https://registry.npmjs.org/@esbuild%2fopenbsd-x64 set size:200576 disposed:false
277 silly fetch manifest @esbuild/linux-riscv64@0.25.12
278 silly packumentCache full:https://registry.npmjs.org/@esbuild%2flinux-riscv64 cache-miss
279 http cache https://registry.npmjs.org/@esbuild%2fwin32-arm64 54ms (cache hit)
280 silly packumentCache full:https://registry.npmjs.org/@esbuild%2fwin32-arm64 set size:201005 disposed:false
281 silly fetch manifest @esbuild/openbsd-arm64@0.25.12
282 silly packumentCache full:https://registry.npmjs.org/@esbuild%2fopenbsd-arm64 cache-miss
283 http cache https://registry.npmjs.org/@esbuild%2fdarwin-arm64 55ms (cache hit)
284 silly packumentCache full:https://registry.npmjs.org/@esbuild%2fdarwin-arm64 set size:201471 disposed:false
285 silly fetch manifest @esbuild/linux-mips64el@0.25.12
286 silly packumentCache full:https://registry.npmjs.org/@esbuild%2flinux-mips64el cache-miss
287 http cache https://registry.npmjs.org/@esbuild%2fnetbsd-arm64 55ms (cache hit)
288 silly packumentCache full:https://registry.npmjs.org/@esbuild%2fnetbsd-arm64 set size:44308 disposed:false
289 silly fetch manifest @esbuild/openharmony-arm64@0.25.12
290 silly packumentCache full:https://registry.npmjs.org/@esbuild%2fopenharmony-arm64 cache-miss
291 http cache https://registry.npmjs.org/@esbuild%2fandroid-arm64 53ms (cache hit)
292 silly packumentCache full:https://registry.npmjs.org/@esbuild%2fandroid-arm64 set size:204216 disposed:false
293 silly fetch manifest qs@~6.16.0
294 silly packumentCache full:https://registry.npmjs.org/qs cache-miss
295 http cache https://registry.npmjs.org/@esbuild%2ffreebsd-arm64 54ms (cache hit)
296 silly packumentCache full:https://registry.npmjs.org/@esbuild%2ffreebsd-arm64 set size:202383 disposed:false
297 silly fetch manifest depd@2.0.0
298 silly packumentCache full:https://registry.npmjs.org/depd cache-miss
299 http cache https://registry.npmjs.org/@esbuild%2flinux-loong64 54ms (cache hit)
300 silly packumentCache full:https://registry.npmjs.org/@esbuild%2flinux-loong64 set size:255749 disposed:false
301 silly fetch manifest etag@~1.8.1
302 silly packumentCache full:https://registry.npmjs.org/etag cache-miss
303 http cache https://registry.npmjs.org/@esbuild%2flinux-riscv64 70ms (cache hit)
304 silly packumentCache full:https://registry.npmjs.org/@esbuild%2flinux-riscv64 set size:202512 disposed:false
305 silly fetch manifest send@~0.19.0
306 silly packumentCache full:https://registry.npmjs.org/send cache-miss
307 http cache https://registry.npmjs.org/@esbuild%2fopenbsd-arm64 67ms (cache hit)
308 silly packumentCache full:https://registry.npmjs.org/@esbuild%2fopenbsd-arm64 set size:49642 disposed:false
309 silly fetch manifest vary@~1.1.2
310 silly packumentCache full:https://registry.npmjs.org/vary cache-miss
311 http cache https://registry.npmjs.org/@esbuild%2flinux-mips64el 66ms (cache hit)
312 silly packumentCache full:https://registry.npmjs.org/@esbuild%2flinux-mips64el set size:204633 disposed:false
313 silly fetch manifest debug@2.6.9
314 silly packumentCache full:https://registry.npmjs.org/debug cache-miss
315 http cache https://registry.npmjs.org/@esbuild%2fopenharmony-arm64 68ms (cache hit)
316 silly packumentCache full:https://registry.npmjs.org/@esbuild%2fopenharmony-arm64 set size:33054 disposed:false
317 silly fetch manifest fresh@~0.5.2
318 silly packumentCache full:https://registry.npmjs.org/fresh cache-miss
319 http cache https://registry.npmjs.org/etag 52ms (cache hit)
320 silly packumentCache full:https://registry.npmjs.org/etag set size:30032 disposed:false
321 silly fetch manifest cookie@~0.7.1
322 silly packumentCache full:https://registry.npmjs.org/cookie cache-miss
323 http cache https://registry.npmjs.org/depd 64ms (cache hit)
324 silly packumentCache full:https://registry.npmjs.org/depd set size:40182 disposed:false
325 silly fetch manifest accepts@~1.3.8
326 silly packumentCache full:https://registry.npmjs.org/accepts cache-miss
327 http cache https://registry.npmjs.org/qs 75ms (cache hit)
328 silly packumentCache full:https://registry.npmjs.org/qs set size:365613 disposed:false
329 silly fetch manifest methods@~1.1.2
330 silly packumentCache full:https://registry.npmjs.org/methods cache-miss
331 http cache https://registry.npmjs.org/send 52ms (cache hit)
332 silly packumentCache full:https://registry.npmjs.org/send set size:152810 disposed:false
333 silly fetch manifest type-is@~1.6.18
334 silly packumentCache full:https://registry.npmjs.org/type-is cache-miss
335 http cache https://registry.npmjs.org/vary 57ms (cache hit)
336 silly packumentCache full:https://registry.npmjs.org/vary set size:15994 disposed:false
337 silly fetch manifest parseurl@~1.3.3
338 silly packumentCache full:https://registry.npmjs.org/parseurl cache-miss
339 http cache https://registry.npmjs.org/debug 56ms (cache hit)
340 silly packumentCache full:https://registry.npmjs.org/debug set size:195840 disposed:false
341 silly fetch manifest statuses@~2.0.1
342 silly packumentCache full:https://registry.npmjs.org/statuses cache-miss
343 http cache https://registry.npmjs.org/fresh 60ms (cache hit)
344 silly packumentCache full:https://registry.npmjs.org/fresh set size:25427 disposed:false
345 silly fetch manifest encodeurl@~2.0.0
346 silly packumentCache full:https://registry.npmjs.org/encodeurl cache-miss
347 http cache https://registry.npmjs.org/cookie 60ms (cache hit)
348 silly packumentCache full:https://registry.npmjs.org/cookie set size:78274 disposed:false
349 silly fetch manifest proxy-addr@~2.0.7
350 silly packumentCache full:https://registry.npmjs.org/proxy-addr cache-miss
351 http cache https://registry.npmjs.org/accepts 63ms (cache hit)
352 silly packumentCache full:https://registry.npmjs.org/accepts set size:77054 disposed:false
353 silly fetch manifest body-parser@~1.20.5
354 silly packumentCache full:https://registry.npmjs.org/body-parser cache-miss
355 http cache https://registry.npmjs.org/methods 57ms (cache hit)
356 silly packumentCache full:https://registry.npmjs.org/methods set size:12600 disposed:false
357 silly fetch manifest escape-html@~1.0.3
358 silly packumentCache full:https://registry.npmjs.org/escape-html cache-miss
359 http cache https://registry.npmjs.org/type-is 54ms (cache hit)
360 silly packumentCache full:https://registry.npmjs.org/type-is set size:90391 disposed:false
361 silly fetch manifest http-errors@~2.0.0
362 silly packumentCache full:https://registry.npmjs.org/http-errors cache-miss
363 http cache https://registry.npmjs.org/parseurl 53ms (cache hit)
364 silly packumentCache full:https://registry.npmjs.org/parseurl set size:24148 disposed:false
365 silly fetch manifest on-finished@~2.4.1
366 silly packumentCache full:https://registry.npmjs.org/on-finished cache-miss
367 http cache https://registry.npmjs.org/encodeurl 44ms (cache hit)
368 silly packumentCache full:https://registry.npmjs.org/encodeurl set size:12296 disposed:false
369 silly fetch manifest safe-buffer@5.2.1
370 silly packumentCache full:https://registry.npmjs.org/safe-buffer cache-miss
371 http cache https://registry.npmjs.org/proxy-addr 41ms (cache hit)
372 silly packumentCache full:https://registry.npmjs.org/proxy-addr set size:64125 disposed:false
373 silly fetch manifest utils-merge@1.0.1
374 silly packumentCache full:https://registry.npmjs.org/utils-merge cache-miss
375 http cache https://registry.npmjs.org/escape-html 35ms (cache hit)
376 silly packumentCache full:https://registry.npmjs.org/escape-html set size:7345 disposed:false
377 silly fetch manifest content-type@~1.0.4
378 silly packumentCache full:https://registry.npmjs.org/content-type cache-miss
379 http cache https://registry.npmjs.org/statuses 60ms (cache hit)
380 silly packumentCache full:https://registry.npmjs.org/statuses set size:37117 disposed:false
381 silly fetch manifest finalhandler@~1.3.1
382 silly packumentCache full:https://registry.npmjs.org/finalhandler cache-miss
383 http cache https://registry.npmjs.org/body-parser 48ms (cache hit)
384 silly packumentCache full:https://registry.npmjs.org/body-parser set size:207391 disposed:false
385 silly fetch manifest range-parser@~1.2.1
386 silly packumentCache full:https://registry.npmjs.org/range-parser cache-miss
387 http cache https://registry.npmjs.org/http-errors 47ms (cache hit)
388 silly packumentCache full:https://registry.npmjs.org/http-errors set size:71987 disposed:false
389 silly fetch manifest serve-static@~1.16.2
390 silly packumentCache full:https://registry.npmjs.org/serve-static cache-miss
391 http cache https://registry.npmjs.org/on-finished 47ms (cache hit)
392 silly packumentCache full:https://registry.npmjs.org/on-finished set size:23212 disposed:false
393 silly fetch manifest array-flatten@1.1.1
394 silly packumentCache full:https://registry.npmjs.org/array-flatten cache-miss
395 http cache https://registry.npmjs.org/safe-buffer 47ms (cache hit)
396 silly packumentCache full:https://registry.npmjs.org/safe-buffer set size:41183 disposed:false
397 silly fetch manifest path-to-regexp@~0.1.13
398 silly packumentCache full:https://registry.npmjs.org/path-to-regexp cache-miss
399 http cache https://registry.npmjs.org/utils-merge 47ms (cache hit)
400 silly packumentCache full:https://registry.npmjs.org/utils-merge set size:5237 disposed:false
401 silly fetch manifest setprototypeof@1.2.0
402 silly packumentCache full:https://registry.npmjs.org/setprototypeof cache-miss
403 http cache https://registry.npmjs.org/content-type 46ms (cache hit)
404 silly packumentCache full:https://registry.npmjs.org/content-type set size:29578 disposed:false
405 silly fetch manifest cookie-signature@~1.0.6
406 silly packumentCache full:https://registry.npmjs.org/cookie-signature cache-miss
407 http cache https://registry.npmjs.org/finalhandler 46ms (cache hit)
408 silly packumentCache full:https://registry.npmjs.org/finalhandler set size:79291 disposed:false
409 silly fetch manifest merge-descriptors@1.0.3
410 silly packumentCache full:https://registry.npmjs.org/merge-descriptors cache-miss
411 http cache https://registry.npmjs.org/range-parser 44ms (cache hit)
412 silly packumentCache full:https://registry.npmjs.org/range-parser set size:24852 disposed:false
413 silly fetch manifest content-disposition@~0.5.4
414 silly packumentCache full:https://registry.npmjs.org/content-disposition cache-miss
415 http cache https://registry.npmjs.org/serve-static 43ms (cache hit)
416 silly packumentCache full:https://registry.npmjs.org/serve-static set size:150391 disposed:false
417 silly fetch manifest bson@^7.3.2
418 silly packumentCache full:https://registry.npmjs.org/bson cache-miss
419 http cache https://registry.npmjs.org/array-flatten 44ms (cache hit)
420 silly packumentCache full:https://registry.npmjs.org/array-flatten set size:24005 disposed:false
421 silly fetch manifest @mongodb-js/saslprep@^1.5.0
422 silly packumentCache full:https://registry.npmjs.org/@mongodb-js%2fsaslprep cache-miss
423 http cache https://registry.npmjs.org/path-to-regexp 45ms (cache hit)
424 silly packumentCache full:https://registry.npmjs.org/path-to-regexp set size:216334 disposed:false
425 silly fetch manifest mongodb-connection-string-url@^7.0.2
426 silly packumentCache full:https://registry.npmjs.org/mongodb-connection-string-url cache-miss
427 http cache https://registry.npmjs.org/setprototypeof 49ms (cache hit)
428 silly packumentCache full:https://registry.npmjs.org/setprototypeof set size:14532 disposed:false
429 silly fetch manifest tslib@^2.4.0
430 silly packumentCache full:https://registry.npmjs.org/tslib cache-miss
431 http cache https://registry.npmjs.org/cookie-signature 49ms (cache hit)
432 silly packumentCache full:https://registry.npmjs.org/cookie-signature set size:21777 disposed:false
433 silly fetch manifest framer-motion@^12.43.0
434 silly packumentCache full:https://registry.npmjs.org/framer-motion cache-miss
435 http cache https://registry.npmjs.org/merge-descriptors 47ms (cache hit)
436 silly packumentCache full:https://registry.npmjs.org/merge-descriptors set size:16527 disposed:false
437 silly fetch manifest scheduler@^0.28.0
438 silly packumentCache full:https://registry.npmjs.org/scheduler cache-miss
439 http cache https://registry.npmjs.org/content-disposition 45ms (cache hit)
440 silly packumentCache full:https://registry.npmjs.org/content-disposition set size:45446 disposed:false
441 silly fetch manifest esbuild@~0.28.0
442 silly packumentCache full:https://registry.npmjs.org/esbuild cache-miss
443 http cache https://registry.npmjs.org/bson 63ms (cache hit)
444 silly packumentCache full:https://registry.npmjs.org/bson set size:600315 disposed:false
445 silly fetch manifest fsevents@~2.3.3
446 silly packumentCache full:https://registry.npmjs.org/fsevents cache-miss
447 http cache https://registry.npmjs.org/mongodb-connection-string-url 69ms (cache hit)
448 silly packumentCache full:https://registry.npmjs.org/mongodb-connection-string-url set size:130013 disposed:false
449 silly fetch manifest @typescript/typescript-aix-ppc64@7.0.2
450 silly packumentCache full:https://registry.npmjs.org/@typescript%2ftypescript-aix-ppc64 cache-miss
451 http cache https://registry.npmjs.org/tslib 73ms (cache hit)
452 silly packumentCache full:https://registry.npmjs.org/tslib set size:108843 disposed:false
453 silly fetch manifest @typescript/typescript-linux-arm@7.0.2
454 silly packumentCache full:https://registry.npmjs.org/@typescript%2ftypescript-linux-arm cache-miss
455 http cache https://registry.npmjs.org/scheduler 87ms (cache hit)
456 silly packumentCache full:https://registry.npmjs.org/scheduler set size:5803958 disposed:false
457 silly fetch manifest @typescript/typescript-linux-x64@7.0.2
458 silly packumentCache full:https://registry.npmjs.org/@typescript%2ftypescript-linux-x64 cache-miss
459 http cache https://registry.npmjs.org/esbuild 196ms (cache hit)
460 silly packumentCache full:https://registry.npmjs.org/esbuild set size:1264676 disposed:false
461 silly fetch manifest @typescript/typescript-sunos-x64@7.0.2
462 silly packumentCache full:https://registry.npmjs.org/@typescript%2ftypescript-sunos-x64 cache-miss
463 http cache https://registry.npmjs.org/@mongodb-js%2fsaslprep 242ms (cache hit)
464 silly packumentCache full:https://registry.npmjs.org/@mongodb-js%2fsaslprep set size:153441 disposed:false
465 silly fetch manifest @typescript/typescript-win32-x64@7.0.2
466 silly packumentCache full:https://registry.npmjs.org/@typescript%2ftypescript-win32-x64 cache-miss
467 http cache https://registry.npmjs.org/framer-motion 253ms (cache hit)
468 silly packumentCache full:https://registry.npmjs.org/framer-motion set size:10109567 disposed:false
469 silly fetch manifest @typescript/typescript-darwin-x64@7.0.2
470 silly packumentCache full:https://registry.npmjs.org/@typescript%2ftypescript-darwin-x64 cache-miss
471 http cache https://registry.npmjs.org/fsevents 364ms (cache hit)
472 silly packumentCache full:https://registry.npmjs.org/fsevents set size:182472 disposed:false
473 silly fetch manifest @typescript/typescript-netbsd-x64@7.0.2
474 silly packumentCache full:https://registry.npmjs.org/@typescript%2ftypescript-netbsd-x64 cache-miss
475 http cache https://registry.npmjs.org/@typescript%2ftypescript-linux-arm 354ms (cache hit)
476 silly packumentCache full:https://registry.npmjs.org/@typescript%2ftypescript-linux-arm set size:230220 disposed:false
477 silly fetch manifest @typescript/typescript-freebsd-x64@7.0.2
478 silly packumentCache full:https://registry.npmjs.org/@typescript%2ftypescript-freebsd-x64 cache-miss
479 http cache https://registry.npmjs.org/@typescript%2ftypescript-aix-ppc64 370ms (cache hit)
480 silly packumentCache full:https://registry.npmjs.org/@typescript%2ftypescript-aix-ppc64 set size:6049 disposed:false
481 silly fetch manifest @typescript/typescript-linux-arm64@7.0.2
482 silly packumentCache full:https://registry.npmjs.org/@typescript%2ftypescript-linux-arm64 cache-miss
483 http cache https://registry.npmjs.org/@typescript%2ftypescript-linux-x64 240ms (cache hit)
484 silly packumentCache full:https://registry.npmjs.org/@typescript%2ftypescript-linux-x64 set size:237948 disposed:false
485 silly fetch manifest @typescript/typescript-linux-ppc64@7.0.2
486 silly packumentCache full:https://registry.npmjs.org/@typescript%2ftypescript-linux-ppc64 cache-miss
487 http cache https://registry.npmjs.org/@typescript%2ftypescript-sunos-x64 224ms (cache hit)
488 silly packumentCache full:https://registry.npmjs.org/@typescript%2ftypescript-sunos-x64 set size:6046 disposed:false
489 silly fetch manifest @typescript/typescript-linux-s390x@7.0.2
490 silly packumentCache full:https://registry.npmjs.org/@typescript%2ftypescript-linux-s390x cache-miss
491 http cache https://registry.npmjs.org/@typescript%2ftypescript-win32-x64 220ms (cache hit)
492 silly packumentCache full:https://registry.npmjs.org/@typescript%2ftypescript-win32-x64 set size:235434 disposed:false
493 silly fetch manifest @typescript/typescript-openbsd-x64@7.0.2
494 silly packumentCache full:https://registry.npmjs.org/@typescript%2ftypescript-openbsd-x64 cache-miss
495 http cache https://registry.npmjs.org/@typescript%2ftypescript-darwin-x64 52ms (cache hit)
496 silly packumentCache full:https://registry.npmjs.org/@typescript%2ftypescript-darwin-x64 set size:230924 disposed:false
497 silly fetch manifest @typescript/typescript-win32-arm64@7.0.2
498 silly packumentCache full:https://registry.npmjs.org/@typescript%2ftypescript-win32-arm64 cache-miss
499 http cache https://registry.npmjs.org/@typescript%2ftypescript-netbsd-x64 52ms (cache hit)
500 silly packumentCache full:https://registry.npmjs.org/@typescript%2ftypescript-netbsd-x64 set size:6065 disposed:false
501 silly fetch manifest @typescript/typescript-darwin-arm64@7.0.2
502 silly packumentCache full:https://registry.npmjs.org/@typescript%2ftypescript-darwin-arm64 cache-miss
503 http cache https://registry.npmjs.org/@typescript%2ftypescript-freebsd-x64 67ms (cache hit)
504 silly packumentCache full:https://registry.npmjs.org/@typescript%2ftypescript-freebsd-x64 set size:6088 disposed:false
505 silly fetch manifest @typescript/typescript-netbsd-arm64@7.0.2
506 silly packumentCache full:https://registry.npmjs.org/@typescript%2ftypescript-netbsd-arm64 cache-miss
507 http cache https://registry.npmjs.org/@typescript%2ftypescript-linux-arm64 68ms (cache hit)
508 silly packumentCache full:https://registry.npmjs.org/@typescript%2ftypescript-linux-arm64 set size:239194 disposed:false
509 silly fetch manifest @typescript/typescript-freebsd-arm64@7.0.2
510 silly packumentCache full:https://registry.npmjs.org/@typescript%2ftypescript-freebsd-arm64 cache-miss
511 http cache https://registry.npmjs.org/@typescript%2ftypescript-linux-ppc64 67ms (cache hit)
512 silly packumentCache full:https://registry.npmjs.org/@typescript%2ftypescript-linux-ppc64 set size:6087 disposed:false
513 silly fetch manifest @typescript/typescript-linux-loong64@7.0.2
514 silly packumentCache full:https://registry.npmjs.org/@typescript%2ftypescript-linux-loong64 cache-miss
515 http cache https://registry.npmjs.org/@typescript%2ftypescript-linux-s390x 68ms (cache hit)
516 silly packumentCache full:https://registry.npmjs.org/@typescript%2ftypescript-linux-s390x set size:6086 disposed:false
517 silly fetch manifest @typescript/typescript-linux-riscv64@7.0.2
518 silly packumentCache full:https://registry.npmjs.org/@typescript%2ftypescript-linux-riscv64 cache-miss
519 http cache https://registry.npmjs.org/@typescript%2ftypescript-openbsd-x64 66ms (cache hit)
520 silly packumentCache full:https://registry.npmjs.org/@typescript%2ftypescript-openbsd-x64 set size:6086 disposed:false
521 silly fetch manifest @typescript/typescript-openbsd-arm64@7.0.2
522 silly packumentCache full:https://registry.npmjs.org/@typescript%2ftypescript-openbsd-arm64 cache-miss
523 http cache https://registry.npmjs.org/@typescript%2ftypescript-win32-arm64 63ms (cache hit)
524 silly packumentCache full:https://registry.npmjs.org/@typescript%2ftypescript-win32-arm64 set size:230624 disposed:false
525 silly fetch manifest @typescript/typescript-linux-mips64el@7.0.2
526 silly packumentCache full:https://registry.npmjs.org/@typescript%2ftypescript-linux-mips64el cache-miss
527 http cache https://registry.npmjs.org/@typescript%2ftypescript-darwin-arm64 66ms (cache hit)
528 silly packumentCache full:https://registry.npmjs.org/@typescript%2ftypescript-darwin-arm64 set size:238714 disposed:false
529 silly fetch manifest postcss@^8.5.29
530 silly packumentCache full:https://registry.npmjs.org/postcss cache-miss
531 http cache https://registry.npmjs.org/@typescript%2ftypescript-netbsd-arm64 47ms (cache hit)
532 silly packumentCache full:https://registry.npmjs.org/@typescript%2ftypescript-netbsd-arm64 set size:6109 disposed:false
533 silly fetch manifest rolldown@~1.2.12
534 silly packumentCache full:https://registry.npmjs.org/rolldown cache-miss
535 http cache https://registry.npmjs.org/@typescript%2ftypescript-freebsd-arm64 43ms (cache hit)
536 silly packumentCache full:https://registry.npmjs.org/@typescript%2ftypescript-freebsd-arm64 set size:6126 disposed:false
537 silly fetch manifest picomatch@^4.0.7
538 silly packumentCache full:https://registry.npmjs.org/picomatch cache-miss
539 http cache https://registry.npmjs.org/@typescript%2ftypescript-linux-riscv64 39ms (cache hit)
540 silly packumentCache full:https://registry.npmjs.org/@typescript%2ftypescript-linux-riscv64 set size:6127 disposed:false
541 silly fetch manifest tinyglobby@^0.2.17
542 silly packumentCache full:https://registry.npmjs.org/tinyglobby cache-miss
543 http cache https://registry.npmjs.org/@typescript%2ftypescript-linux-loong64 46ms (cache hit)
544 silly packumentCache full:https://registry.npmjs.org/@typescript%2ftypescript-linux-loong64 set size:6127 disposed:false
545 silly fetch manifest lightningcss@^1.33.0
546 silly packumentCache full:https://registry.npmjs.org/lightningcss cache-miss
547 http cache https://registry.npmjs.org/@typescript%2ftypescript-openbsd-arm64 42ms (cache hit)
548 silly packumentCache full:https://registry.npmjs.org/@typescript%2ftypescript-openbsd-arm64 set size:6126 disposed:false
549 http cache https://registry.npmjs.org/@typescript%2ftypescript-linux-mips64el 39ms (cache hit)
550 silly packumentCache full:https://registry.npmjs.org/@typescript%2ftypescript-linux-mips64el set size:6146 disposed:false
551 http cache https://registry.npmjs.org/postcss 36ms (cache hit)
552 silly packumentCache full:https://registry.npmjs.org/postcss set size:770032 disposed:false
553 http cache https://registry.npmjs.org/picomatch 68ms (cache hit)
554 silly packumentCache full:https://registry.npmjs.org/picomatch set size:134451 disposed:false
555 http cache https://registry.npmjs.org/tinyglobby 70ms (cache hit)
556 silly packumentCache full:https://registry.npmjs.org/tinyglobby set size:54291 disposed:false
557 http cache https://registry.npmjs.org/lightningcss 71ms (cache hit)
558 silly packumentCache full:https://registry.npmjs.org/lightningcss set size:191065 disposed:false
559 http cache https://registry.npmjs.org/rolldown 95ms (cache hit)
560 silly packumentCache full:https://registry.npmjs.org/rolldown set size:3847972 disposed:false
561 silly placeDep ROOT google-auth-library@10.9.1 OK for: @google/genai@2.28.0 want: ^10.3.0
562 silly placeDep ROOT p-retry@4.6.2 OK for: @google/genai@2.28.0 want: ^4.6.2
563 silly placeDep ROOT protobufjs@7.6.6 OK for: @google/genai@2.28.0 want: ^7.5.4
564 silly placeDep ROOT ws@8.22.0 OK for: @google/genai@2.28.0 want: ^8.18.0
565 silly fetch manifest jws@^4.0.0
566 silly packumentCache full:https://registry.npmjs.org/jws cache-miss
567 silly fetch manifest gaxios@^7.1.4
568 silly packumentCache full:https://registry.npmjs.org/gaxios cache-miss
569 silly fetch manifest base64-js@^1.3.0
570 silly packumentCache full:https://registry.npmjs.org/base64-js cache-miss
571 silly fetch manifest gcp-metadata@8.1.2
572 silly packumentCache full:https://registry.npmjs.org/gcp-metadata cache-miss
573 silly fetch manifest ecdsa-sig-formatter@^1.0.11
574 silly packumentCache full:https://registry.npmjs.org/ecdsa-sig-formatter cache-miss
575 silly fetch manifest google-logging-utils@1.1.3
576 silly packumentCache full:https://registry.npmjs.org/google-logging-utils cache-miss
577 silly fetch manifest retry@^0.13.1
578 silly packumentCache full:https://registry.npmjs.org/retry cache-miss
579 http cache https://registry.npmjs.org/jws 21ms (cache hit)
580 silly packumentCache full:https://registry.npmjs.org/jws set size:48740 disposed:false
581 silly fetch manifest @types/retry@0.12.0
582 silly packumentCache full:https://registry.npmjs.org/@types%2fretry cache-miss
583 http cache https://registry.npmjs.org/gaxios 25ms (cache hit)
584 silly packumentCache full:https://registry.npmjs.org/gaxios set size:375055 disposed:false
585 silly fetch manifest long@^5.3.2
586 silly packumentCache full:https://registry.npmjs.org/long cache-miss
587 http cache https://registry.npmjs.org/base64-js 35ms (cache hit)
588 silly packumentCache full:https://registry.npmjs.org/base64-js set size:41270 disposed:false
589 silly fetch manifest @protobufjs/path@^1.1.2
590 silly packumentCache full:https://registry.npmjs.org/@protobufjs%2fpath cache-miss
591 http cache https://registry.npmjs.org/gcp-metadata 39ms (cache hit)
592 silly packumentCache full:https://registry.npmjs.org/gcp-metadata set size:216708 disposed:false
593 silly fetch manifest @protobufjs/pool@^1.1.0
594 silly packumentCache full:https://registry.npmjs.org/@protobufjs%2fpool cache-miss
595 http cache https://registry.npmjs.org/ecdsa-sig-formatter 46ms (cache hit)
596 silly packumentCache full:https://registry.npmjs.org/ecdsa-sig-formatter set size:23546 disposed:false
597 silly fetch manifest @protobufjs/utf8@^1.1.1
598 silly packumentCache full:https://registry.npmjs.org/@protobufjs%2futf8 cache-miss
599 http cache https://registry.npmjs.org/google-logging-utils 49ms (cache hit)
600 silly packumentCache full:https://registry.npmjs.org/google-logging-utils set size:31146 disposed:false
601 silly fetch manifest @protobufjs/fetch@^1.1.1
602 silly packumentCache full:https://registry.npmjs.org/@protobufjs%2ffetch cache-miss
603 http cache https://registry.npmjs.org/retry 52ms (cache hit)
604 silly packumentCache full:https://registry.npmjs.org/retry set size:31161 disposed:false
605 silly fetch manifest @protobufjs/float@^1.0.2
606 silly packumentCache full:https://registry.npmjs.org/@protobufjs%2ffloat cache-miss
607 http cache https://registry.npmjs.org/@types%2fretry 50ms (cache hit)
608 silly packumentCache full:https://registry.npmjs.org/@types%2fretry set size:17042 disposed:false
609 silly fetch manifest @protobufjs/base64@^1.1.2
610 silly packumentCache full:https://registry.npmjs.org/@protobufjs%2fbase64 cache-miss
611 http cache https://registry.npmjs.org/long 43ms (cache hit)
612 silly packumentCache full:https://registry.npmjs.org/long set size:80704 disposed:false
613 silly fetch manifest @protobufjs/codegen@^2.0.5
614 silly packumentCache full:https://registry.npmjs.org/@protobufjs%2fcodegen cache-miss
615 http cache https://registry.npmjs.org/@protobufjs%2fpath 43ms (cache hit)
616 silly packumentCache full:https://registry.npmjs.org/@protobufjs%2fpath set size:10241 disposed:false
617 silly fetch manifest @protobufjs/aspromise@^1.1.2
618 silly packumentCache full:https://registry.npmjs.org/@protobufjs%2faspromise cache-miss
619 http cache https://registry.npmjs.org/@protobufjs%2fpool 38ms (cache hit)
620 silly packumentCache full:https://registry.npmjs.org/@protobufjs%2fpool set size:10727 disposed:false
621 silly fetch manifest @protobufjs/eventemitter@^1.1.1
622 silly packumentCache full:https://registry.npmjs.org/@protobufjs%2feventemitter cache-miss
623 http cache https://registry.npmjs.org/@protobufjs%2futf8 38ms (cache hit)
624 silly packumentCache full:https://registry.npmjs.org/@protobufjs%2futf8 set size:17318 disposed:false
625 http cache https://registry.npmjs.org/@protobufjs%2ffetch 36ms (cache hit)
626 silly packumentCache full:https://registry.npmjs.org/@protobufjs%2ffetch set size:12023 disposed:false
627 http cache https://registry.npmjs.org/@protobufjs%2ffloat 33ms (cache hit)
628 silly packumentCache full:https://registry.npmjs.org/@protobufjs%2ffloat set size:9957 disposed:false
629 http cache https://registry.npmjs.org/@protobufjs%2fbase64 28ms (cache hit)
630 silly packumentCache full:https://registry.npmjs.org/@protobufjs%2fbase64 set size:14176 disposed:false
631 http cache https://registry.npmjs.org/@protobufjs%2feventemitter 18ms (cache hit)
632 silly packumentCache full:https://registry.npmjs.org/@protobufjs%2feventemitter set size:13173 disposed:false
633 http cache https://registry.npmjs.org/@protobufjs%2fcodegen 26ms (cache hit)
634 silly packumentCache full:https://registry.npmjs.org/@protobufjs%2fcodegen set size:23820 disposed:false
635 http cache https://registry.npmjs.org/@protobufjs%2faspromise 26ms (cache hit)
636 silly packumentCache full:https://registry.npmjs.org/@protobufjs%2faspromise set size:11438 disposed:false
637 silly placeDep ROOT @tailwindcss/node@4.3.3 OK for: @tailwindcss/vite@4.3.3 want: 4.3.3
638 silly placeDep ROOT @tailwindcss/oxide@4.3.3 OK for: @tailwindcss/vite@4.3.3 want: 4.3.3
639 silly fetch manifest jiti@^2.7.0
640 silly packumentCache full:https://registry.npmjs.org/jiti cache-miss
641 silly fetch manifest lightningcss@1.32.0
642 silly packumentCache full:https://registry.npmjs.org/lightningcss cache-hit
643 silly fetch manifest magic-string@^0.30.21
644 silly packumentCache full:https://registry.npmjs.org/magic-string cache-miss
645 silly fetch manifest source-map-js@^1.2.1
646 silly packumentCache full:https://registry.npmjs.org/source-map-js cache-miss
647 silly fetch manifest enhanced-resolve@^5.24.1
648 silly packumentCache full:https://registry.npmjs.org/enhanced-resolve cache-miss
649 silly fetch manifest @jridgewell/remapping@^2.3.5
650 silly packumentCache full:https://registry.npmjs.org/@jridgewell%2fremapping cache-miss
651 silly fetch manifest @tailwindcss/oxide-darwin-x64@4.3.3
652 silly packumentCache full:https://registry.npmjs.org/@tailwindcss%2foxide-darwin-x64 cache-miss
653 silly fetch manifest @tailwindcss/oxide-freebsd-x64@4.3.3
654 silly packumentCache full:https://registry.npmjs.org/@tailwindcss%2foxide-freebsd-x64 cache-miss
655 http cache https://registry.npmjs.org/jiti 24ms (cache hit)
656 silly packumentCache full:https://registry.npmjs.org/jiti set size:387989 disposed:false
657 silly fetch manifest @tailwindcss/oxide-wasm32-wasi@4.3.3
658 silly packumentCache full:https://registry.npmjs.org/@tailwindcss%2foxide-wasm32-wasi cache-miss
659 http cache https://registry.npmjs.org/magic-string 35ms (cache hit)
660 silly packumentCache full:https://registry.npmjs.org/magic-string set size:371658 disposed:false
661 silly fetch manifest @tailwindcss/oxide-darwin-arm64@4.3.3
662 silly packumentCache full:https://registry.npmjs.org/@tailwindcss%2foxide-darwin-arm64 cache-miss
663 http cache https://registry.npmjs.org/source-map-js 45ms (cache hit)
664 silly packumentCache full:https://registry.npmjs.org/source-map-js set size:66688 disposed:false
665 silly fetch manifest @tailwindcss/oxide-android-arm64@4.3.3
666 silly packumentCache full:https://registry.npmjs.org/@tailwindcss%2foxide-android-arm64 cache-miss
667 http cache https://registry.npmjs.org/enhanced-resolve 50ms (cache hit)
668 silly packumentCache full:https://registry.npmjs.org/enhanced-resolve set size:500182 disposed:false
669 silly fetch manifest @tailwindcss/oxide-linux-x64-gnu@4.3.3
670 silly packumentCache full:https://registry.npmjs.org/@tailwindcss%2foxide-linux-x64-gnu cache-miss
671 http cache https://registry.npmjs.org/@jridgewell%2fremapping 61ms (cache hit)
672 silly packumentCache full:https://registry.npmjs.org/@jridgewell%2fremapping set size:23809 disposed:false
673 silly fetch manifest @tailwindcss/oxide-linux-x64-musl@4.3.3
674 silly packumentCache full:https://registry.npmjs.org/@tailwindcss%2foxide-linux-x64-musl cache-miss
675 http cache https://registry.npmjs.org/@tailwindcss%2foxide-darwin-x64 71ms (cache hit)
676 silly packumentCache full:https://registry.npmjs.org/@tailwindcss%2foxide-darwin-x64 set size:2989493 disposed:false
677 silly fetch manifest @tailwindcss/oxide-win32-x64-msvc@4.3.3
678 silly packumentCache full:https://registry.npmjs.org/@tailwindcss%2foxide-win32-x64-msvc cache-miss
679 http cache https://registry.npmjs.org/@tailwindcss%2foxide-freebsd-x64 110ms (cache hit)
680 silly packumentCache full:https://registry.npmjs.org/@tailwindcss%2foxide-freebsd-x64 set size:3004723 disposed:false
681 silly fetch manifest @tailwindcss/oxide-linux-arm64-gnu@4.3.3
682 silly packumentCache full:https://registry.npmjs.org/@tailwindcss%2foxide-linux-arm64-gnu cache-miss
683 http cache https://registry.npmjs.org/@tailwindcss%2foxide-wasm32-wasi 184ms (cache hit)
684 silly packumentCache full:https://registry.npmjs.org/@tailwindcss%2foxide-wasm32-wasi set size:1607492 disposed:false
685 silly fetch manifest @tailwindcss/oxide-linux-arm64-musl@4.3.3
686 silly packumentCache full:https://registry.npmjs.org/@tailwindcss%2foxide-linux-arm64-musl cache-miss
687 http cache https://registry.npmjs.org/@tailwindcss%2foxide-darwin-arm64 201ms (cache hit)
688 silly packumentCache full:https://registry.npmjs.org/@tailwindcss%2foxide-darwin-arm64 set size:3025880 disposed:false
689 silly fetch manifest @tailwindcss/oxide-win32-arm64-msvc@4.3.3
690 silly packumentCache full:https://registry.npmjs.org/@tailwindcss%2foxide-win32-arm64-msvc cache-miss
691 http cache https://registry.npmjs.org/@tailwindcss%2foxide-win32-x64-msvc 177ms (cache hit)
692 silly packumentCache full:https://registry.npmjs.org/@tailwindcss%2foxide-win32-x64-msvc set size:3032672 disposed:false
693 silly fetch manifest @tailwindcss/oxide-linux-arm-gnueabihf@4.3.3
694 silly packumentCache full:https://registry.npmjs.org/@tailwindcss%2foxide-linux-arm-gnueabihf cache-miss
695 http cache https://registry.npmjs.org/@tailwindcss%2foxide-android-arm64 279ms (cache hit)
696 silly packumentCache full:https://registry.npmjs.org/@tailwindcss%2foxide-android-arm64 set size:2167020 disposed:false
697 http cache https://registry.npmjs.org/@tailwindcss%2foxide-linux-x64-musl 294ms (cache hit)
698 silly packumentCache full:https://registry.npmjs.org/@tailwindcss%2foxide-linux-x64-musl set size:3060622 disposed:false
699 http cache https://registry.npmjs.org/@tailwindcss%2foxide-linux-x64-gnu 341ms (cache hit)
700 silly packumentCache full:https://registry.npmjs.org/@tailwindcss%2foxide-linux-x64-gnu set size:3051288 disposed:false
701 http cache https://registry.npmjs.org/@tailwindcss%2foxide-linux-arm64-gnu 284ms (cache hit)
702 silly packumentCache full:https://registry.npmjs.org/@tailwindcss%2foxide-linux-arm64-gnu set size:3078783 disposed:false
703 http cache https://registry.npmjs.org/@tailwindcss%2foxide-linux-arm64-musl 302ms (cache hit)
704 silly packumentCache full:https://registry.npmjs.org/@tailwindcss%2foxide-linux-arm64-musl set size:3090369 disposed:false
705 http cache https://registry.npmjs.org/@tailwindcss%2foxide-linux-arm-gnueabihf 259ms (cache hit)
706 silly packumentCache full:https://registry.npmjs.org/@tailwindcss%2foxide-linux-arm-gnueabihf set size:3105107 disposed:false
707 http cache https://registry.npmjs.org/@tailwindcss%2foxide-win32-arm64-msvc 340ms (cache hit)
708 silly packumentCache full:https://registry.npmjs.org/@tailwindcss%2foxide-win32-arm64-msvc set size:2144395 disposed:false
709 silly placeDep ROOT @jridgewell/remapping@2.3.5 OK for: @tailwindcss/node@4.3.3 want: ^2.3.5
710 silly placeDep ROOT enhanced-resolve@5.26.0 OK for: @tailwindcss/node@4.3.3 want: ^5.24.1
711 silly placeDep ROOT jiti@2.7.0 OK for: @tailwindcss/node@4.3.3 want: ^2.7.0
712 silly placeDep ROOT lightningcss@1.32.0 OK for: @tailwindcss/node@4.3.3 want: 1.32.0
713 silly placeDep ROOT magic-string@0.30.21 OK for: @tailwindcss/node@4.3.3 want: ^0.30.21
714 silly placeDep ROOT source-map-js@1.2.2 OK for: @tailwindcss/node@4.3.3 want: ^1.2.1
715 silly fetch manifest @jridgewell/gen-mapping@^0.3.5
716 silly packumentCache full:https://registry.npmjs.org/@jridgewell%2fgen-mapping cache-miss
717 silly fetch manifest @jridgewell/trace-mapping@^0.3.24
718 silly packumentCache full:https://registry.npmjs.org/@jridgewell%2ftrace-mapping cache-miss
719 silly fetch manifest tapable@^2.3.3
720 silly packumentCache full:https://registry.npmjs.org/tapable cache-miss
721 silly fetch manifest graceful-fs@^4.2.4
722 silly packumentCache full:https://registry.npmjs.org/graceful-fs cache-miss
723 silly fetch manifest detect-libc@^2.0.3
724 silly packumentCache full:https://registry.npmjs.org/detect-libc cache-miss
725 silly fetch manifest lightningcss-darwin-x64@1.32.0
726 silly packumentCache full:https://registry.npmjs.org/lightningcss-darwin-x64 cache-miss
727 silly fetch manifest lightningcss-freebsd-x64@1.32.0
728 silly packumentCache full:https://registry.npmjs.org/lightningcss-freebsd-x64 cache-miss
729 http cache https://registry.npmjs.org/@jridgewell%2ftrace-mapping 24ms (cache hit)
730 silly packumentCache full:https://registry.npmjs.org/@jridgewell%2ftrace-mapping set size:170909 disposed:false
731 silly fetch manifest lightningcss-darwin-arm64@1.32.0
732 silly packumentCache full:https://registry.npmjs.org/lightningcss-darwin-arm64 cache-miss
733 http cache https://registry.npmjs.org/graceful-fs 28ms (cache hit)
734 silly packumentCache full:https://registry.npmjs.org/graceful-fs set size:124285 disposed:false
735 silly fetch manifest lightningcss-android-arm64@1.32.0
736 silly packumentCache full:https://registry.npmjs.org/lightningcss-android-arm64 cache-miss
737 http cache https://registry.npmjs.org/detect-libc 33ms (cache hit)
738 silly packumentCache full:https://registry.npmjs.org/detect-libc set size:47861 disposed:false
739 silly fetch manifest lightningcss-linux-x64-gnu@1.32.0
740 silly packumentCache full:https://registry.npmjs.org/lightningcss-linux-x64-gnu cache-miss
741 http cache https://registry.npmjs.org/lightningcss-darwin-x64 37ms (cache hit)
742 silly packumentCache full:https://registry.npmjs.org/lightningcss-darwin-x64 set size:80374 disposed:false
743 silly fetch manifest lightningcss-linux-x64-musl@1.32.0
744 silly packumentCache full:https://registry.npmjs.org/lightningcss-linux-x64-musl cache-miss
745 http cache https://registry.npmjs.org/@jridgewell%2fgen-mapping 47ms (cache hit)
746 silly packumentCache full:https://registry.npmjs.org/@jridgewell%2fgen-mapping set size:75941 disposed:false
747 silly fetch manifest lightningcss-win32-x64-msvc@1.32.0
748 silly packumentCache full:https://registry.npmjs.org/lightningcss-win32-x64-msvc cache-miss
749 http cache https://registry.npmjs.org/tapable 50ms (cache hit)
750 silly packumentCache full:https://registry.npmjs.org/tapable set size:141233 disposed:false
751 silly fetch manifest lightningcss-linux-arm64-gnu@1.32.0
752 silly packumentCache full:https://registry.npmjs.org/lightningcss-linux-arm64-gnu cache-miss
753 http cache https://registry.npmjs.org/lightningcss-freebsd-x64 54ms (cache hit)
754 silly packumentCache full:https://registry.npmjs.org/lightningcss-freebsd-x64 set size:44564 disposed:false
755 silly fetch manifest lightningcss-linux-arm64-musl@1.32.0
756 silly packumentCache full:https://registry.npmjs.org/lightningcss-linux-arm64-musl cache-miss
757 http cache https://registry.npmjs.org/lightningcss-darwin-arm64 49ms (cache hit)
758 silly packumentCache full:https://registry.npmjs.org/lightningcss-darwin-arm64 set size:80970 disposed:false
759 silly fetch manifest lightningcss-win32-arm64-msvc@1.32.0
760 silly packumentCache full:https://registry.npmjs.org/lightningcss-win32-arm64-msvc cache-miss
761 http cache https://registry.npmjs.org/lightningcss-linux-x64-musl 37ms (cache hit)
762 silly packumentCache full:https://registry.npmjs.org/lightningcss-linux-x64-musl set size:82032 disposed:false
763 silly fetch manifest lightningcss-linux-arm-gnueabihf@1.32.0
764 silly packumentCache full:https://registry.npmjs.org/lightningcss-linux-arm-gnueabihf cache-miss
765 http cache https://registry.npmjs.org/lightningcss-win32-x64-msvc 36ms (cache hit)
766 silly packumentCache full:https://registry.npmjs.org/lightningcss-win32-x64-msvc set size:81347 disposed:false
767 silly fetch manifest @jridgewell/sourcemap-codec@^1.5.5
768 silly packumentCache full:https://registry.npmjs.org/@jridgewell%2fsourcemap-codec cache-miss
769 http cache https://registry.npmjs.org/lightningcss-android-arm64 54ms (cache hit)
770 silly packumentCache full:https://registry.npmjs.org/lightningcss-android-arm64 set size:9371 disposed:false
771 http cache https://registry.npmjs.org/lightningcss-linux-x64-gnu 52ms (cache hit)
772 silly packumentCache full:https://registry.npmjs.org/lightningcss-linux-x64-gnu set size:81819 disposed:false
773 http cache https://registry.npmjs.org/lightningcss-linux-arm64-gnu 37ms (cache hit)
774 silly packumentCache full:https://registry.npmjs.org/lightningcss-linux-arm64-gnu set size:82397 disposed:false
775 http cache https://registry.npmjs.org/lightningcss-linux-arm64-musl 35ms (cache hit)
776 silly packumentCache full:https://registry.npmjs.org/lightningcss-linux-arm64-musl set size:82617 disposed:false
777 http cache https://registry.npmjs.org/lightningcss-win32-arm64-msvc 25ms (cache hit)
778 silly packumentCache full:https://registry.npmjs.org/lightningcss-win32-arm64-msvc set size:28346 disposed:false
779 http cache https://registry.npmjs.org/@jridgewell%2fsourcemap-codec 19ms (cache hit)
780 silly packumentCache full:https://registry.npmjs.org/@jridgewell%2fsourcemap-codec set size:65255 disposed:false
781 http cache https://registry.npmjs.org/lightningcss-linux-arm-gnueabihf 27ms (cache hit)
782 silly packumentCache full:https://registry.npmjs.org/lightningcss-linux-arm-gnueabihf set size:82635 disposed:false
783 silly placeDep ROOT @jridgewell/gen-mapping@0.3.13 OK for: @jridgewell/remapping@2.3.5 want: ^0.3.5
784 silly placeDep ROOT @jridgewell/trace-mapping@0.3.31 OK for: @jridgewell/remapping@2.3.5 want: ^0.3.24
785 silly fetch manifest @jridgewell/sourcemap-codec@^1.5.0
786 silly packumentCache full:https://registry.npmjs.org/@jridgewell%2fsourcemap-codec cache-hit
787 silly fetch manifest @jridgewell/resolve-uri@^3.1.0
788 silly packumentCache full:https://registry.npmjs.org/@jridgewell%2fresolve-uri cache-miss
789 silly fetch manifest @jridgewell/sourcemap-codec@^1.4.14
790 silly packumentCache full:https://registry.npmjs.org/@jridgewell%2fsourcemap-codec cache-hit
791 http cache https://registry.npmjs.org/@jridgewell%2fresolve-uri 8ms (cache hit)
792 silly packumentCache full:https://registry.npmjs.org/@jridgewell%2fresolve-uri set size:57361 disposed:false
793 silly placeDep ROOT @jridgewell/sourcemap-codec@1.6.0 OK for: @jridgewell/gen-mapping@0.3.13 want: ^1.5.0
794 silly placeDep ROOT @jridgewell/resolve-uri@3.1.2 OK for: @jridgewell/trace-mapping@0.3.31 want: ^3.1.0
795 silly placeDep ROOT @tailwindcss/oxide-android-arm64@4.3.3 OK for: @tailwindcss/oxide@4.3.3 want: 4.3.3
796 silly placeDep ROOT @tailwindcss/oxide-darwin-arm64@4.3.3 OK for: @tailwindcss/oxide@4.3.3 want: 4.3.3
797 silly placeDep ROOT @tailwindcss/oxide-darwin-x64@4.3.3 OK for: @tailwindcss/oxide@4.3.3 want: 4.3.3
798 silly placeDep ROOT @tailwindcss/oxide-freebsd-x64@4.3.3 OK for: @tailwindcss/oxide@4.3.3 want: 4.3.3
799 silly placeDep ROOT @tailwindcss/oxide-linux-arm-gnueabihf@4.3.3 OK for: @tailwindcss/oxide@4.3.3 want: 4.3.3
800 silly placeDep ROOT @tailwindcss/oxide-linux-arm64-gnu@4.3.3 OK for: @tailwindcss/oxide@4.3.3 want: 4.3.3
801 silly placeDep ROOT @tailwindcss/oxide-linux-arm64-musl@4.3.3 OK for: @tailwindcss/oxide@4.3.3 want: 4.3.3
802 silly placeDep ROOT @tailwindcss/oxide-linux-x64-gnu@4.3.3 OK for: @tailwindcss/oxide@4.3.3 want: 4.3.3
803 silly placeDep ROOT @tailwindcss/oxide-linux-x64-musl@4.3.3 OK for: @tailwindcss/oxide@4.3.3 want: 4.3.3
804 silly placeDep ROOT @tailwindcss/oxide-wasm32-wasi@4.3.3 OK for: @tailwindcss/oxide@4.3.3 want: 4.3.3
805 silly placeDep ROOT @tailwindcss/oxide-win32-arm64-msvc@4.3.3 OK for: @tailwindcss/oxide@4.3.3 want: 4.3.3
806 silly placeDep ROOT @tailwindcss/oxide-win32-x64-msvc@4.3.3 OK for: @tailwindcss/oxide@4.3.3 want: 4.3.3
807 silly placeDep ROOT @types/body-parser@1.19.6 OK for: @types/express@4.17.25 want: *
808 silly placeDep ROOT @types/express-serve-static-core@4.19.9 OK for: @types/express@4.17.25 want: ^4.17.33
809 silly placeDep ROOT @types/qs@6.15.1 OK for: @types/express@4.17.25 want: *
810 silly placeDep ROOT @types/serve-static@1.15.10 OK for: @types/express@4.17.25 want: ^1
811 silly fetch manifest @types/connect@*
812 silly packumentCache full:https://registry.npmjs.org/@types%2fconnect cache-miss
813 silly fetch manifest @types/send@*
814 silly packumentCache full:https://registry.npmjs.org/@types%2fsend cache-miss
815 silly fetch manifest @types/range-parser@*
816 silly packumentCache full:https://registry.npmjs.org/@types%2frange-parser cache-miss
817 silly fetch manifest @types/send@<1
818 silly packumentCache full:https://registry.npmjs.org/@types%2fsend cache-miss
819 silly fetch manifest @types/http-errors@*
820 silly packumentCache full:https://registry.npmjs.org/@types%2fhttp-errors cache-miss
821 http cache https://registry.npmjs.org/@types%2fconnect 31ms (cache hit)
822 silly packumentCache full:https://registry.npmjs.org/@types%2fconnect set size:31546 disposed:false
823 http cache https://registry.npmjs.org/@types%2fsend 33ms (cache hit)
824 silly packumentCache full:https://registry.npmjs.org/@types%2fsend set size:30017 disposed:false
825 http cache https://registry.npmjs.org/@types%2frange-parser 34ms (cache hit)
826 silly packumentCache full:https://registry.npmjs.org/@types%2frange-parser set size:15310 disposed:false
827 http cache https://registry.npmjs.org/@types%2fsend 35ms (cache hit)
828 silly packumentCache full:https://registry.npmjs.org/@types%2fsend set size:30017 disposed:false
829 silly packumentCache full:https://registry.npmjs.org/@types%2fsend dispose
830 http cache https://registry.npmjs.org/@types%2fhttp-errors 37ms (cache hit)
831 silly packumentCache full:https://registry.npmjs.org/@types%2fhttp-errors set size:49026 disposed:false
832 silly placeDep ROOT @types/connect@3.4.38 OK for: @types/body-parser@1.19.6 want: *
833 silly placeDep ROOT @types/range-parser@1.2.7 OK for: @types/express-serve-static-core@4.19.9 want: *
834 silly placeDep ROOT @types/send@1.2.1 OK for: @types/express-serve-static-core@4.19.9 want: *
835 silly placeDep ROOT undici-types@6.21.0 OK for: @types/node@22.20.5 want: ~6.21.0
836 silly placeDep ROOT csstype@3.2.3 OK for: @types/react@19.3.0 want: ^3.2.2
837 silly placeDep ROOT @types/http-errors@2.0.5 OK for: @types/serve-static@1.15.10 want: *
838 silly placeDep node_modules/@types/serve-static @types/send@0.17.6 OK for: @types/serve-static@1.15.10 want: <1
839 silly fetch manifest @types/mime@^1
840 silly packumentCache full:https://registry.npmjs.org/@types%2fmime cache-miss
841 http cache https://registry.npmjs.org/@types%2fmime 9ms (cache hit)
842 silly packumentCache full:https://registry.npmjs.org/@types%2fmime set size:43242 disposed:false
843 silly placeDep ROOT @rolldown/pluginutils@1.0.1 OK for: @vitejs/plugin-react@6.1.2 want: ^1.0.1
844 silly placeDep ROOT browserslist@4.29.3 OK for: autoprefixer@10.6.1 want: ^4.28.9
845 silly placeDep ROOT caniuse-lite@1.0.30001815 OK for: autoprefixer@10.6.1 want: ^1.0.30001810
846 silly placeDep ROOT fraction.js@5.3.4 OK for: autoprefixer@10.6.1 want: ^5.3.4
847 silly placeDep ROOT picocolors@1.1.1 OK for: autoprefixer@10.6.1 want: ^1.1.1
848 silly placeDep ROOT postcss-value-parser@4.2.0 OK for: autoprefixer@10.6.1 want: ^4.2.0
849 silly fetch manifest caniuse-lite@^1.0.30001813
850 silly packumentCache full:https://registry.npmjs.org/caniuse-lite cache-miss
851 silly fetch manifest node-releases@^2.0.57
852 silly packumentCache full:https://registry.npmjs.org/node-releases cache-miss
853 silly fetch manifest electron-to-chromium@^1.5.439
854 silly packumentCache full:https://registry.npmjs.org/electron-to-chromium cache-miss
855 silly fetch manifest update-browserslist-db@^1.3.3
856 silly packumentCache full:https://registry.npmjs.org/update-browserslist-db cache-miss
857 silly fetch manifest baseline-browser-mapping@^2.11.26
858 silly packumentCache full:https://registry.npmjs.org/baseline-browser-mapping cache-miss
859 http cache https://registry.npmjs.org/node-releases 17ms (cache hit)
860 silly packumentCache full:https://registry.npmjs.org/node-releases set size:303703 disposed:false
861 http cache https://registry.npmjs.org/caniuse-lite 29ms (cache hit)
862 silly packumentCache full:https://registry.npmjs.org/caniuse-lite set size:2321958 disposed:false
863 http cache https://registry.npmjs.org/update-browserslist-db 55ms (cache hit)
864 silly packumentCache full:https://registry.npmjs.org/update-browserslist-db set size:73432 disposed:false
865 http cache https://registry.npmjs.org/electron-to-chromium 72ms (cache hit)
866 silly packumentCache full:https://registry.npmjs.org/electron-to-chromium set size:4999222 disposed:false
867 http cache https://registry.npmjs.org/baseline-browser-mapping 136ms (cache hit)
868 silly packumentCache full:https://registry.npmjs.org/baseline-browser-mapping set size:653902 disposed:false
869 silly placeDep ROOT baseline-browser-mapping@2.11.28 OK for: browserslist@4.29.3 want: ^2.11.26
870 silly placeDep ROOT electron-to-chromium@1.5.452 OK for: browserslist@4.29.3 want: ^1.5.439
871 silly placeDep ROOT node-releases@2.0.58 OK for: browserslist@4.29.3 want: ^2.0.57
872 silly placeDep ROOT update-browserslist-db@1.3.4 OK for: browserslist@4.29.3 want: ^1.3.3
873 silly fetch manifest escalade@^3.2.0
874 silly packumentCache full:https://registry.npmjs.org/escalade cache-miss
875 http cache https://registry.npmjs.org/escalade 22ms (cache hit)
876 silly packumentCache full:https://registry.npmjs.org/escalade set size:33724 disposed:false
877 silly placeDep ROOT graceful-fs@4.2.11 OK for: enhanced-resolve@5.26.0 want: ^4.2.4
878 silly placeDep ROOT tapable@2.3.3 OK for: enhanced-resolve@5.26.0 want: ^2.3.3
879 silly placeDep ROOT @esbuild/aix-ppc64@0.25.12 OK for: esbuild@0.25.12 want: 0.25.12
880 silly placeDep ROOT @esbuild/android-arm@0.25.12 OK for: esbuild@0.25.12 want: 0.25.12
881 silly placeDep ROOT @esbuild/android-arm64@0.25.12 OK for: esbuild@0.25.12 want: 0.25.12
882 silly placeDep ROOT @esbuild/android-x64@0.25.12 OK for: esbuild@0.25.12 want: 0.25.12
883 silly placeDep ROOT @esbuild/darwin-arm64@0.25.12 OK for: esbuild@0.25.12 want: 0.25.12
884 silly placeDep ROOT @esbuild/darwin-x64@0.25.12 OK for: esbuild@0.25.12 want: 0.25.12
885 silly placeDep ROOT @esbuild/freebsd-arm64@0.25.12 OK for: esbuild@0.25.12 want: 0.25.12
886 silly placeDep ROOT @esbuild/freebsd-x64@0.25.12 OK for: esbuild@0.25.12 want: 0.25.12
887 silly placeDep ROOT @esbuild/linux-arm@0.25.12 OK for: esbuild@0.25.12 want: 0.25.12
888 silly placeDep ROOT @esbuild/linux-arm64@0.25.12 OK for: esbuild@0.25.12 want: 0.25.12
889 silly placeDep ROOT @esbuild/linux-ia32@0.25.12 OK for: esbuild@0.25.12 want: 0.25.12
890 silly placeDep ROOT @esbuild/linux-loong64@0.25.12 OK for: esbuild@0.25.12 want: 0.25.12
891 silly placeDep ROOT @esbuild/linux-mips64el@0.25.12 OK for: esbuild@0.25.12 want: 0.25.12
892 silly placeDep ROOT @esbuild/linux-ppc64@0.25.12 OK for: esbuild@0.25.12 want: 0.25.12
893 silly placeDep ROOT @esbuild/linux-riscv64@0.25.12 OK for: esbuild@0.25.12 want: 0.25.12
894 silly placeDep ROOT @esbuild/linux-s390x@0.25.12 OK for: esbuild@0.25.12 want: 0.25.12
895 silly placeDep ROOT @esbuild/linux-x64@0.25.12 OK for: esbuild@0.25.12 want: 0.25.12
896 silly placeDep ROOT @esbuild/netbsd-arm64@0.25.12 OK for: esbuild@0.25.12 want: 0.25.12
897 silly placeDep ROOT @esbuild/netbsd-x64@0.25.12 OK for: esbuild@0.25.12 want: 0.25.12
898 silly placeDep ROOT @esbuild/openbsd-arm64@0.25.12 OK for: esbuild@0.25.12 want: 0.25.12
899 silly placeDep ROOT @esbuild/openbsd-x64@0.25.12 OK for: esbuild@0.25.12 want: 0.25.12
900 silly placeDep ROOT @esbuild/openharmony-arm64@0.25.12 OK for: esbuild@0.25.12 want: 0.25.12
901 silly placeDep ROOT @esbuild/sunos-x64@0.25.12 OK for: esbuild@0.25.12 want: 0.25.12
902 silly placeDep ROOT @esbuild/win32-arm64@0.25.12 OK for: esbuild@0.25.12 want: 0.25.12
903 silly placeDep ROOT @esbuild/win32-ia32@0.25.12 OK for: esbuild@0.25.12 want: 0.25.12
904 silly placeDep ROOT @esbuild/win32-x64@0.25.12 OK for: esbuild@0.25.12 want: 0.25.12
905 silly placeDep ROOT accepts@1.3.8 OK for: express@4.22.3 want: ~1.3.8
906 silly placeDep ROOT array-flatten@1.1.1 OK for: express@4.22.3 want: 1.1.1
907 silly placeDep ROOT body-parser@1.20.8 OK for: express@4.22.3 want: ~1.20.5
908 silly placeDep ROOT content-disposition@0.5.4 OK for: express@4.22.3 want: ~0.5.4
909 silly placeDep ROOT content-type@1.0.5 OK for: express@4.22.3 want: ~1.0.4
910 silly placeDep ROOT cookie@0.7.2 OK for: express@4.22.3 want: ~0.7.1
911 silly placeDep ROOT cookie-signature@1.0.7 OK for: express@4.22.3 want: ~1.0.6
912 silly placeDep ROOT debug@2.6.9 OK for: express@4.22.3 want: 2.6.9
913 silly placeDep ROOT depd@2.0.0 OK for: express@4.22.3 want: 2.0.0
914 silly placeDep ROOT encodeurl@2.0.0 OK for: express@4.22.3 want: ~2.0.0
915 silly placeDep ROOT escape-html@1.0.3 OK for: express@4.22.3 want: ~1.0.3
916 silly placeDep ROOT etag@1.8.1 OK for: express@4.22.3 want: ~1.8.1
917 silly placeDep ROOT finalhandler@1.3.2 OK for: express@4.22.3 want: ~1.3.1
918 silly placeDep ROOT fresh@0.5.2 OK for: express@4.22.3 want: ~0.5.2
919 silly placeDep ROOT http-errors@2.0.1 OK for: express@4.22.3 want: ~2.0.0
920 silly placeDep ROOT merge-descriptors@1.0.3 OK for: express@4.22.3 want: 1.0.3
921 silly placeDep ROOT methods@1.1.2 OK for: express@4.22.3 want: ~1.1.2
922 silly placeDep ROOT on-finished@2.4.1 OK for: express@4.22.3 want: ~2.4.1
923 silly placeDep ROOT parseurl@1.3.3 OK for: express@4.22.3 want: ~1.3.3
924 silly placeDep ROOT path-to-regexp@0.1.13 OK for: express@4.22.3 want: ~0.1.13
925 silly placeDep ROOT proxy-addr@2.0.8 OK for: express@4.22.3 want: ~2.0.7
926 silly placeDep ROOT qs@6.16.0 OK for: express@4.22.3 want: ~6.16.0
927 silly placeDep ROOT range-parser@1.2.1 OK for: express@4.22.3 want: ~1.2.1
928 silly placeDep ROOT safe-buffer@5.2.1 OK for: express@4.22.3 want: 5.2.1
929 silly placeDep ROOT send@0.19.2 OK for: express@4.22.3 want: ~0.19.0
930 silly placeDep ROOT serve-static@1.16.3 OK for: express@4.22.3 want: ~1.16.2
931 silly placeDep ROOT setprototypeof@1.2.0 OK for: express@4.22.3 want: 1.2.0
932 silly placeDep ROOT statuses@2.0.2 OK for: express@4.22.3 want: ~2.0.1
933 silly placeDep ROOT type-is@1.6.18 OK for: express@4.22.3 want: ~1.6.18
934 silly placeDep ROOT utils-merge@1.0.1 OK for: express@4.22.3 want: 1.0.1
935 silly placeDep ROOT vary@1.1.2 OK for: express@4.22.3 want: ~1.1.2
936 silly fetch manifest mime-types@~2.1.34
937 silly packumentCache full:https://registry.npmjs.org/mime-types cache-miss
938 silly fetch manifest negotiator@0.6.3
939 silly packumentCache full:https://registry.npmjs.org/negotiator cache-miss
940 silly fetch manifest bytes@~3.1.2
941 silly packumentCache full:https://registry.npmjs.org/bytes cache-miss
942 silly fetch manifest unpipe@~1.0.0
943 silly packumentCache full:https://registry.npmjs.org/unpipe cache-miss
944 silly fetch manifest destroy@~1.2.0
945 silly packumentCache full:https://registry.npmjs.org/destroy cache-miss
946 silly fetch manifest raw-body@~2.5.3
947 silly packumentCache full:https://registry.npmjs.org/raw-body cache-miss
948 silly fetch manifest iconv-lite@~0.4.24
949 silly packumentCache full:https://registry.npmjs.org/iconv-lite cache-miss
950 http cache https://registry.npmjs.org/mime-types 25ms (cache hit)
951 silly packumentCache full:https://registry.npmjs.org/mime-types set size:139110 disposed:false
952 silly fetch manifest http-errors@~2.0.1
953 silly packumentCache full:https://registry.npmjs.org/http-errors cache-hit
954 silly fetch manifest content-type@~1.0.5
955 silly packumentCache full:https://registry.npmjs.org/content-type cache-hit
956 silly fetch manifest ms@2.0.0
957 silly packumentCache full:https://registry.npmjs.org/ms cache-miss
958 http cache https://registry.npmjs.org/negotiator 33ms (cache hit)
959 silly packumentCache full:https://registry.npmjs.org/negotiator set size:56148 disposed:false
960 silly fetch manifest unpipe@~1.0.0
961 silly packumentCache full:https://registry.npmjs.org/unpipe cache-miss
962 http cache https://registry.npmjs.org/bytes 37ms (cache hit)
963 silly packumentCache full:https://registry.npmjs.org/bytes set size:37018 disposed:false
964 silly fetch manifest statuses@~2.0.2
965 silly packumentCache full:https://registry.npmjs.org/statuses cache-hit
966 silly fetch manifest inherits@~2.0.4
967 silly packumentCache full:https://registry.npmjs.org/inherits cache-miss
968 http cache https://registry.npmjs.org/unpipe 41ms (cache hit)
969 silly packumentCache full:https://registry.npmjs.org/unpipe set size:3609 disposed:false
970 silly fetch manifest setprototypeof@~1.2.0
971 silly packumentCache full:https://registry.npmjs.org/setprototypeof cache-hit
972 silly fetch manifest toidentifier@~1.0.1
973 silly packumentCache full:https://registry.npmjs.org/toidentifier cache-miss
974 http cache https://registry.npmjs.org/destroy 44ms (cache hit)
975 silly packumentCache full:https://registry.npmjs.org/destroy set size:15738 disposed:false
976 silly fetch manifest ee-first@1.1.1
977 silly packumentCache full:https://registry.npmjs.org/ee-first cache-miss
978 http cache https://registry.npmjs.org/raw-body 46ms (cache hit)
979 silly packumentCache full:https://registry.npmjs.org/raw-body set size:120042 disposed:false
980 silly fetch manifest forwarded@0.2.0
981 silly packumentCache full:https://registry.npmjs.org/forwarded cache-miss
982 http cache https://registry.npmjs.org/iconv-lite 51ms (cache hit)
983 silly packumentCache full:https://registry.npmjs.org/iconv-lite set size:126462 disposed:false
984 silly fetch manifest ipaddr.js@1.9.1
985 silly packumentCache full:https://registry.npmjs.org/ipaddr.js cache-miss
986 http cache https://registry.npmjs.org/ms 49ms (cache hit)
987 silly packumentCache full:https://registry.npmjs.org/ms set size:92208 disposed:false
988 silly fetch manifest side-channel@^1.1.1
989 silly packumentCache full:https://registry.npmjs.org/side-channel cache-miss
990 http cache https://registry.npmjs.org/inherits 45ms (cache hit)
991 silly packumentCache full:https://registry.npmjs.org/inherits set size:12925 disposed:false
992 silly fetch manifest es-define-property@^1.0.1
993 silly packumentCache full:https://registry.npmjs.org/es-define-property cache-miss
994 http cache https://registry.npmjs.org/unpipe 55ms (cache hit)
995 silly packumentCache full:https://registry.npmjs.org/unpipe set size:3609 disposed:false
996 silly packumentCache full:https://registry.npmjs.org/unpipe dispose
997 silly fetch manifest ms@2.1.3
998 silly packumentCache full:https://registry.npmjs.org/ms cache-hit
999 silly fetch manifest mime@1.6.0
1000 silly packumentCache full:https://registry.npmjs.org/mime cache-miss
1001 http cache https://registry.npmjs.org/toidentifier 48ms (cache hit)
1002 silly packumentCache full:https://registry.npmjs.org/toidentifier set size:12006 disposed:false
1003 silly fetch manifest destroy@1.2.0
1004 silly packumentCache full:https://registry.npmjs.org/destroy cache-hit
1005 silly fetch manifest mime-types@~2.1.24
1006 silly packumentCache full:https://registry.npmjs.org/mime-types cache-hit
1007 silly fetch manifest media-typer@0.3.0
1008 silly packumentCache full:https://registry.npmjs.org/media-typer cache-miss
1009 http cache https://registry.npmjs.org/forwarded 45ms (cache hit)
1010 silly packumentCache full:https://registry.npmjs.org/forwarded set size:11229 disposed:false
1011 http cache https://registry.npmjs.org/ee-first 54ms (cache hit)
1012 silly packumentCache full:https://registry.npmjs.org/ee-first set size:15327 disposed:false
1013 http cache https://registry.npmjs.org/ipaddr.js 43ms (cache hit)
1014 silly packumentCache full:https://registry.npmjs.org/ipaddr.js set size:84329 disposed:false
1015 http cache https://registry.npmjs.org/side-channel 32ms (cache hit)
1016 silly packumentCache full:https://registry.npmjs.org/side-channel set size:27650 disposed:false
1017 http cache https://registry.npmjs.org/media-typer 20ms (cache hit)
1018 silly packumentCache full:https://registry.npmjs.org/media-typer set size:22074 disposed:false
1019 http cache https://registry.npmjs.org/es-define-property 33ms (cache hit)
1020 silly packumentCache full:https://registry.npmjs.org/es-define-property set size:8542 disposed:false
1021 http cache https://registry.npmjs.org/mime 31ms (cache hit)
1022 silly packumentCache full:https://registry.npmjs.org/mime set size:119236 disposed:false
1023 silly placeDep ROOT mime-types@2.1.35 OK for: accepts@1.3.8 want: ~2.1.34
1024 silly placeDep ROOT negotiator@0.6.3 OK for: accepts@1.3.8 want: 0.6.3
1025 silly fetch manifest mime-db@1.52.0
1026 silly packumentCache full:https://registry.npmjs.org/mime-db cache-miss
1027 http cache https://registry.npmjs.org/mime-db 9ms (cache hit)
1028 silly packumentCache full:https://registry.npmjs.org/mime-db set size:164953 disposed:false
1029 silly placeDep ROOT bytes@3.1.2 OK for: body-parser@1.20.8 want: ~3.1.2
1030 silly placeDep ROOT destroy@1.2.0 OK for: body-parser@1.20.8 want: ~1.2.0
1031 silly placeDep ROOT iconv-lite@0.4.24 OK for: body-parser@1.20.8 want: ~0.4.24
1032 silly placeDep ROOT raw-body@2.5.3 OK for: body-parser@1.20.8 want: ~2.5.3
1033 silly placeDep ROOT unpipe@1.0.0 OK for: body-parser@1.20.8 want: ~1.0.0
1034 silly fetch manifest safer-buffer@>= 2.1.2 < 3
1035 silly packumentCache full:https://registry.npmjs.org/safer-buffer cache-miss
1036 http cache https://registry.npmjs.org/safer-buffer 7ms (cache hit)
1037 silly packumentCache full:https://registry.npmjs.org/safer-buffer set size:18521 disposed:false
1038 silly placeDep ROOT ms@2.0.0 OK for: debug@2.6.9 want: 2.0.0
1039 silly placeDep ROOT base64-js@1.5.1 OK for: google-auth-library@10.9.1 want: ^1.3.0
1040 silly placeDep ROOT ecdsa-sig-formatter@1.0.11 OK for: google-auth-library@10.9.1 want: ^1.0.11
1041 silly placeDep ROOT gaxios@7.3.1 OK for: google-auth-library@10.9.1 want: ^7.1.4
1042 silly placeDep ROOT gcp-metadata@8.1.2 OK for: google-auth-library@10.9.1 want: 8.1.2
1043 silly placeDep ROOT google-logging-utils@1.1.3 OK for: google-auth-library@10.9.1 want: 1.1.3
1044 silly placeDep ROOT jws@4.0.1 OK for: google-auth-library@10.9.1 want: ^4.0.0
1045 silly fetch manifest extend@^3.0.2
1046 silly packumentCache full:https://registry.npmjs.org/extend cache-miss
1047 silly fetch manifest node-fetch@^3.3.2
1048 silly packumentCache full:https://registry.npmjs.org/node-fetch cache-miss
1049 silly fetch manifest https-proxy-agent@^7.0.1
1050 silly packumentCache full:https://registry.npmjs.org/https-proxy-agent cache-miss
1051 silly fetch manifest json-bigint@^1.0.0
1052 silly packumentCache full:https://registry.npmjs.org/json-bigint cache-miss
1053 silly fetch manifest google-logging-utils@^1.0.0
1054 silly packumentCache full:https://registry.npmjs.org/google-logging-utils cache-hit
1055 silly fetch manifest jwa@^2.0.1
1056 silly packumentCache full:https://registry.npmjs.org/jwa cache-miss
1057 http cache https://registry.npmjs.org/extend 23ms (cache hit)
1058 silly packumentCache full:https://registry.npmjs.org/extend set size:25974 disposed:false
1059 http cache https://registry.npmjs.org/node-fetch 27ms (cache hit)
1060 silly packumentCache full:https://registry.npmjs.org/node-fetch set size:896010 disposed:false
1061 http cache https://registry.npmjs.org/https-proxy-agent 40ms (cache hit)
1062 silly packumentCache full:https://registry.npmjs.org/https-proxy-agent set size:83792 disposed:false
1063 http cache https://registry.npmjs.org/json-bigint 43ms (cache hit)
1064 silly packumentCache full:https://registry.npmjs.org/json-bigint set size:36963 disposed:false
1065 http cache https://registry.npmjs.org/jwa 43ms (cache hit)
1066 silly packumentCache full:https://registry.npmjs.org/jwa set size:39720 disposed:false
1067 silly placeDep ROOT extend@3.0.2 OK for: gaxios@7.3.1 want: ^3.0.2
1068 silly placeDep ROOT https-proxy-agent@7.0.6 OK for: gaxios@7.3.1 want: ^7.0.1
1069 silly placeDep ROOT node-fetch@3.3.2 OK for: gaxios@7.3.1 want: ^3.3.2
1070 silly fetch manifest debug@4
1071 silly packumentCache full:https://registry.npmjs.org/debug cache-hit
1072 silly fetch manifest agent-base@^7.1.2
1073 silly packumentCache full:https://registry.npmjs.org/agent-base cache-miss
1074 silly fetch manifest data-uri-to-buffer@^4.0.0
1075 silly packumentCache full:https://registry.npmjs.org/data-uri-to-buffer cache-miss
1076 silly fetch manifest fetch-blob@^3.1.4
1077 silly packumentCache full:https://registry.npmjs.org/fetch-blob cache-miss
1078 silly fetch manifest formdata-polyfill@^4.0.10
1079 silly packumentCache full:https://registry.npmjs.org/formdata-polyfill cache-miss
1080 http cache https://registry.npmjs.org/agent-base 16ms (cache hit)
1081 silly packumentCache full:https://registry.npmjs.org/agent-base set size:72085 disposed:false
1082 http cache https://registry.npmjs.org/fetch-blob 18ms (cache hit)
1083 silly packumentCache full:https://registry.npmjs.org/fetch-blob set size:73704 disposed:false
1084 http cache https://registry.npmjs.org/data-uri-to-buffer 23ms (cache hit)
1085 silly packumentCache full:https://registry.npmjs.org/data-uri-to-buffer set size:48018 disposed:false
1086 http cache https://registry.npmjs.org/formdata-polyfill 24ms (cache hit)
1087 silly packumentCache full:https://registry.npmjs.org/formdata-polyfill set size:94446 disposed:false
1088 silly placeDep ROOT json-bigint@1.0.0 OK for: gcp-metadata@8.1.2 want: ^1.0.0
1089 silly fetch manifest bignumber.js@^9.0.0
1090 silly packumentCache full:https://registry.npmjs.org/bignumber.js cache-miss
1091 http cache https://registry.npmjs.org/bignumber.js 10ms (cache hit)
1092 silly packumentCache full:https://registry.npmjs.org/bignumber.js set size:149332 disposed:false
1093 silly placeDep ROOT inherits@2.0.4 OK for: http-errors@2.0.1 want: ~2.0.4
1094 silly placeDep ROOT toidentifier@1.0.1 OK for: http-errors@2.0.1 want: ~1.0.1
1095 silly placeDep ROOT agent-base@7.1.4 OK for: https-proxy-agent@7.0.6 want: ^7.1.2
1096 silly placeDep node_modules/https-proxy-agent debug@4.4.3 OK for: https-proxy-agent@7.0.6 want: 4
1097 silly fetch manifest ms@^2.1.3
1098 silly packumentCache full:https://registry.npmjs.org/ms cache-hit
1099 silly placeDep ROOT safer-buffer@2.1.2 OK for: iconv-lite@0.4.24 want: >= 2.1.2 < 3
1100 silly placeDep ROOT bignumber.js@9.3.1 OK for: json-bigint@1.0.0 want: ^9.0.0
1101 silly placeDep ROOT jwa@2.0.1 OK for: jws@4.0.1 want: ^2.0.1
1102 silly fetch manifest buffer-equal-constant-time@^1.0.1
1103 silly packumentCache full:https://registry.npmjs.org/buffer-equal-constant-time cache-miss
1104 http cache https://registry.npmjs.org/buffer-equal-constant-time 7ms (cache hit)
1105 silly packumentCache full:https://registry.npmjs.org/buffer-equal-constant-time set size:4390 disposed:false
1106 silly placeDep ROOT buffer-equal-constant-time@1.0.1 OK for: jwa@2.0.1 want: ^1.0.1
1107 silly placeDep ROOT detect-libc@2.1.2 OK for: lightningcss@1.32.0 want: ^2.0.3
1108 silly placeDep ROOT lightningcss-android-arm64@1.32.0 OK for: lightningcss@1.32.0 want: 1.32.0
1109 silly placeDep ROOT lightningcss-darwin-arm64@1.32.0 OK for: lightningcss@1.32.0 want: 1.32.0
1110 silly placeDep ROOT lightningcss-darwin-x64@1.32.0 OK for: lightningcss@1.32.0 want: 1.32.0
1111 silly placeDep ROOT lightningcss-freebsd-x64@1.32.0 OK for: lightningcss@1.32.0 want: 1.32.0
1112 silly placeDep ROOT lightningcss-linux-arm-gnueabihf@1.32.0 OK for: lightningcss@1.32.0 want: 1.32.0
1113 silly placeDep ROOT lightningcss-linux-arm64-gnu@1.32.0 OK for: lightningcss@1.32.0 want: 1.32.0
1114 silly placeDep ROOT lightningcss-linux-arm64-musl@1.32.0 OK for: lightningcss@1.32.0 want: 1.32.0
1115 silly placeDep ROOT lightningcss-linux-x64-gnu@1.32.0 OK for: lightningcss@1.32.0 want: 1.32.0
1116 silly placeDep ROOT lightningcss-linux-x64-musl@1.32.0 OK for: lightningcss@1.32.0 want: 1.32.0
1117 silly placeDep ROOT lightningcss-win32-arm64-msvc@1.32.0 OK for: lightningcss@1.32.0 want: 1.32.0
1118 silly placeDep ROOT lightningcss-win32-x64-msvc@1.32.0 OK for: lightningcss@1.32.0 want: 1.32.0
1119 silly placeDep ROOT mime-db@1.52.0 OK for: mime-types@2.1.35 want: 1.52.0
1120 silly placeDep ROOT @mongodb-js/saslprep@1.6.0 OK for: mongodb@7.7.0 want: ^1.5.0
1121 silly placeDep ROOT bson@7.3.3 OK for: mongodb@7.7.0 want: ^7.3.2
1122 silly placeDep ROOT mongodb-connection-string-url@7.0.2 OK for: mongodb@7.7.0 want: ^7.0.2
1123 silly fetch manifest sparse-bitfield@^3.0.3
1124 silly packumentCache full:https://registry.npmjs.org/sparse-bitfield cache-miss
1125 silly fetch manifest whatwg-url@^14.1.0
1126 silly packumentCache full:https://registry.npmjs.org/whatwg-url cache-miss
1127 silly fetch manifest @types/whatwg-url@^13.0.0
1128 silly packumentCache full:https://registry.npmjs.org/@types%2fwhatwg-url cache-miss
1129 http cache https://registry.npmjs.org/sparse-bitfield 16ms (cache hit)
1130 silly packumentCache full:https://registry.npmjs.org/sparse-bitfield set size:18366 disposed:false
1131 http cache https://registry.npmjs.org/whatwg-url 16ms (cache hit)
1132 silly packumentCache full:https://registry.npmjs.org/whatwg-url set size:185910 disposed:false
1133 http cache https://registry.npmjs.org/@types%2fwhatwg-url 22ms (cache hit)
1134 silly packumentCache full:https://registry.npmjs.org/@types%2fwhatwg-url set size:25784 disposed:false
1135 silly placeDep ROOT sparse-bitfield@3.0.3 OK for: @mongodb-js/saslprep@1.6.0 want: ^3.0.3
1136 silly fetch manifest memory-pager@^1.0.2
1137 silly packumentCache full:https://registry.npmjs.org/memory-pager cache-miss
1138 http cache https://registry.npmjs.org/memory-pager 8ms (cache hit)
1139 silly packumentCache full:https://registry.npmjs.org/memory-pager set size:21090 disposed:false
1140 silly placeDep ROOT @types/whatwg-url@13.0.0 OK for: mongodb-connection-string-url@7.0.2 want: ^13.0.0
1141 silly placeDep ROOT whatwg-url@14.2.0 OK for: mongodb-connection-string-url@7.0.2 want: ^14.1.0
1142 silly fetch manifest @types/webidl-conversions@*
1143 silly packumentCache full:https://registry.npmjs.org/@types%2fwebidl-conversions cache-miss
1144 silly fetch manifest tr46@^5.1.0
1145 silly packumentCache full:https://registry.npmjs.org/tr46 cache-miss
1146 silly fetch manifest webidl-conversions@^7.0.0
1147 silly packumentCache full:https://registry.npmjs.org/webidl-conversions cache-miss
1148 http cache https://registry.npmjs.org/@types%2fwebidl-conversions 9ms (cache hit)
1149 silly packumentCache full:https://registry.npmjs.org/@types%2fwebidl-conversions set size:22967 disposed:false
1150 http cache https://registry.npmjs.org/tr46 10ms (cache hit)
1151 silly packumentCache full:https://registry.npmjs.org/tr46 set size:49976 disposed:false
1152 http cache https://registry.npmjs.org/webidl-conversions 13ms (cache hit)
1153 silly packumentCache full:https://registry.npmjs.org/webidl-conversions set size:46073 disposed:false
1154 silly placeDep ROOT @types/webidl-conversions@7.0.3 OK for: @types/whatwg-url@13.0.0 want: *
1155 silly placeDep ROOT framer-motion@12.43.0 OK for: motion@12.43.0 want: ^12.43.0
1156 silly placeDep ROOT tslib@2.8.1 OK for: motion@12.43.0 want: ^2.4.0
1157 silly fetch manifest motion-dom@^12.43.0
1158 silly packumentCache full:https://registry.npmjs.org/motion-dom cache-miss
1159 silly fetch manifest motion-utils@^12.39.0
1160 silly packumentCache full:https://registry.npmjs.org/motion-utils cache-miss
1161 http cache https://registry.npmjs.org/motion-utils 10ms (cache hit)
1162 silly packumentCache full:https://registry.npmjs.org/motion-utils set size:74482 disposed:false
1163 http cache https://registry.npmjs.org/motion-dom 15ms (cache hit)
1164 silly packumentCache full:https://registry.npmjs.org/motion-dom set size:315051 disposed:false
1165 silly placeDep ROOT motion-dom@12.43.0 OK for: framer-motion@12.43.0 want: ^12.43.0
1166 silly placeDep ROOT motion-utils@12.39.0 OK for: framer-motion@12.43.0 want: ^12.39.0
1167 silly placeDep ROOT data-uri-to-buffer@4.0.1 OK for: node-fetch@3.3.2 want: ^4.0.0
1168 silly placeDep ROOT fetch-blob@3.2.0 OK for: node-fetch@3.3.2 want: ^3.1.4
1169 silly placeDep ROOT formdata-polyfill@4.0.10 OK for: node-fetch@3.3.2 want: ^4.0.10
1170 silly fetch manifest node-domexception@^1.0.0
1171 silly packumentCache full:https://registry.npmjs.org/node-domexception cache-miss
1172 silly fetch manifest web-streams-polyfill@^3.0.3
1173 silly packumentCache full:https://registry.npmjs.org/web-streams-polyfill cache-miss
1174 http cache https://registry.npmjs.org/node-domexception 9ms (cache hit)
1175 silly packumentCache full:https://registry.npmjs.org/node-domexception set size:11516 disposed:false
1176 http cache https://registry.npmjs.org/web-streams-polyfill 10ms (cache hit)
1177 silly packumentCache full:https://registry.npmjs.org/web-streams-polyfill set size:140806 disposed:false
1178 silly placeDep ROOT node-domexception@1.0.0 OK for: fetch-blob@3.2.0 want: ^1.0.0
1179 silly placeDep ROOT web-streams-polyfill@3.3.3 OK for: fetch-blob@3.2.0 want: ^3.0.3
1180 silly placeDep ROOT ee-first@1.1.1 OK for: on-finished@2.4.1 want: 1.1.1
1181 silly placeDep ROOT @types/retry@0.12.0 OK for: p-retry@4.6.2 want: 0.12.0
1182 silly placeDep ROOT retry@0.13.1 OK for: p-retry@4.6.2 want: ^0.13.1
1183 silly placeDep ROOT @protobufjs/aspromise@1.1.2 OK for: protobufjs@7.6.6 want: ^1.1.2
1184 silly placeDep ROOT @protobufjs/base64@1.1.2 OK for: protobufjs@7.6.6 want: ^1.1.2
1185 silly placeDep ROOT @protobufjs/codegen@2.0.5 OK for: protobufjs@7.6.6 want: ^2.0.5
1186 silly placeDep ROOT @protobufjs/eventemitter@1.1.1 OK for: protobufjs@7.6.6 want: ^1.1.1
1187 silly placeDep ROOT @protobufjs/fetch@1.1.1 OK for: protobufjs@7.6.6 want: ^1.1.1
1188 silly placeDep ROOT @protobufjs/float@1.0.2 OK for: protobufjs@7.6.6 want: ^1.0.2
1189 silly placeDep ROOT @protobufjs/path@1.1.2 OK for: protobufjs@7.6.6 want: ^1.1.2
1190 silly placeDep ROOT @protobufjs/pool@1.1.0 OK for: protobufjs@7.6.6 want: ^1.1.0
1191 silly placeDep ROOT @protobufjs/utf8@1.1.2 OK for: protobufjs@7.6.6 want: ^1.1.1
1192 silly placeDep ROOT long@5.3.2 OK for: protobufjs@7.6.6 want: ^5.3.2
1193 silly placeDep ROOT forwarded@0.2.0 OK for: proxy-addr@2.0.8 want: 0.2.0
1194 silly placeDep ROOT ipaddr.js@1.9.1 OK for: proxy-addr@2.0.8 want: 1.9.1
1195 silly placeDep ROOT es-define-property@1.0.1 OK for: qs@6.16.0 want: ^1.0.1
1196 silly placeDep ROOT side-channel@1.1.1 OK for: qs@6.16.0 want: ^1.1.1
1197 silly fetch manifest es-errors@^1.3.0
1198 silly packumentCache full:https://registry.npmjs.org/es-errors cache-miss
1199 silly fetch manifest object-inspect@^1.13.4
1200 silly packumentCache full:https://registry.npmjs.org/object-inspect cache-miss
1201 silly fetch manifest side-channel-list@^1.0.1
1202 silly packumentCache full:https://registry.npmjs.org/side-channel-list cache-miss
1203 silly fetch manifest side-channel-map@^1.0.1
1204 silly packumentCache full:https://registry.npmjs.org/side-channel-map cache-miss
1205 silly fetch manifest side-channel-weakmap@^1.0.2
1206 silly packumentCache full:https://registry.npmjs.org/side-channel-weakmap cache-miss
1207 http cache https://registry.npmjs.org/es-errors 17ms (cache hit)
1208 silly packumentCache full:https://registry.npmjs.org/es-errors set size:16918 disposed:false
1209 http cache https://registry.npmjs.org/side-channel-list 17ms (cache hit)
1210 silly packumentCache full:https://registry.npmjs.org/side-channel-list set size:9021 disposed:false
1211 http cache https://registry.npmjs.org/object-inspect 19ms (cache hit)
1212 silly packumentCache full:https://registry.npmjs.org/object-inspect set size:101927 disposed:false
1213 http cache https://registry.npmjs.org/side-channel-map 31ms (cache hit)
1214 silly packumentCache full:https://registry.npmjs.org/side-channel-map set size:9126 disposed:false
1215 http cache https://registry.npmjs.org/side-channel-weakmap 33ms (cache hit)
1216 silly packumentCache full:https://registry.npmjs.org/side-channel-weakmap set size:12620 disposed:false
1217 silly placeDep ROOT scheduler@0.28.0 OK for: react-dom@19.3.0 want: ^0.28.0
1218 silly placeDep ROOT mime@1.6.0 OK for: send@0.19.2 want: 1.6.0
1219 silly placeDep node_modules/send ms@2.1.3 OK for: send@0.19.2 want: 2.1.3
1220 silly placeDep ROOT es-errors@1.3.0 OK for: side-channel@1.1.1 want: ^1.3.0
1221 silly placeDep ROOT object-inspect@1.13.4 OK for: side-channel@1.1.1 want: ^1.13.4
1222 silly placeDep ROOT side-channel-list@1.0.1 OK for: side-channel@1.1.1 want: ^1.0.1
1223 silly placeDep ROOT side-channel-map@1.0.1 OK for: side-channel@1.1.1 want: ^1.0.1
1224 silly placeDep ROOT side-channel-weakmap@1.0.2 OK for: side-channel@1.1.1 want: ^1.0.2
1225 silly fetch manifest call-bound@^1.0.2
1226 silly packumentCache full:https://registry.npmjs.org/call-bound cache-miss
1227 silly fetch manifest get-intrinsic@^1.2.5
1228 silly packumentCache full:https://registry.npmjs.org/get-intrinsic cache-miss
1229 silly fetch manifest call-bound@^1.0.2
1230 silly packumentCache full:https://registry.npmjs.org/call-bound cache-miss
1231 silly fetch manifest get-intrinsic@^1.2.5
1232 silly packumentCache full:https://registry.npmjs.org/get-intrinsic cache-miss
1233 http cache https://registry.npmjs.org/call-bound 11ms (cache hit)
1234 silly packumentCache full:https://registry.npmjs.org/call-bound set size:15317 disposed:false
1235 http cache https://registry.npmjs.org/get-intrinsic 12ms (cache hit)
1236 silly packumentCache full:https://registry.npmjs.org/get-intrinsic set size:60985 disposed:false
1237 http cache https://registry.npmjs.org/call-bound 19ms (cache hit)
1238 silly packumentCache full:https://registry.npmjs.org/call-bound set size:15317 disposed:false
1239 silly packumentCache full:https://registry.npmjs.org/call-bound dispose
1240 http cache https://registry.npmjs.org/get-intrinsic 20ms (cache hit)
1241 silly packumentCache full:https://registry.npmjs.org/get-intrinsic set size:60985 disposed:false
1242 silly packumentCache full:https://registry.npmjs.org/get-intrinsic dispose
1243 silly placeDep ROOT call-bound@1.0.4 OK for: side-channel-map@1.0.1 want: ^1.0.2
1244 silly placeDep ROOT get-intrinsic@1.3.0 OK for: side-channel-map@1.0.1 want: ^1.2.5
1245 silly fetch manifest call-bind-apply-helpers@^1.0.2
1246 silly packumentCache full:https://registry.npmjs.org/call-bind-apply-helpers cache-miss
1247 silly fetch manifest get-intrinsic@^1.3.0
1248 silly packumentCache full:https://registry.npmjs.org/get-intrinsic cache-hit
1249 silly fetch manifest gopd@^1.2.0
1250 silly packumentCache full:https://registry.npmjs.org/gopd cache-miss
1251 silly fetch manifest hasown@^2.0.2
1252 silly packumentCache full:https://registry.npmjs.org/hasown cache-miss
1253 silly fetch manifest get-proto@^1.0.1
1254 silly packumentCache full:https://registry.npmjs.org/get-proto cache-miss
1255 silly fetch manifest has-symbols@^1.1.0
1256 silly packumentCache full:https://registry.npmjs.org/has-symbols cache-miss
1257 silly fetch manifest function-bind@^1.1.2
1258 silly packumentCache full:https://registry.npmjs.org/function-bind cache-miss
1259 silly fetch manifest es-object-atoms@^1.1.1
1260 silly packumentCache full:https://registry.npmjs.org/es-object-atoms cache-miss
1261 http cache https://registry.npmjs.org/gopd 23ms (cache hit)
1262 silly packumentCache full:https://registry.npmjs.org/gopd set size:11483 disposed:false
1263 silly fetch manifest math-intrinsics@^1.1.0
1264 silly packumentCache full:https://registry.npmjs.org/math-intrinsics cache-miss
1265 http cache https://registry.npmjs.org/hasown 26ms (cache hit)
1266 silly packumentCache full:https://registry.npmjs.org/hasown set size:18361 disposed:false
1267 silly fetch manifest call-bind-apply-helpers@^1.0.2
1268 silly packumentCache full:https://registry.npmjs.org/call-bind-apply-helpers cache-miss
1269 http cache https://registry.npmjs.org/call-bind-apply-helpers 33ms (cache hit)
1270 silly packumentCache full:https://registry.npmjs.org/call-bind-apply-helpers set size:12744 disposed:false
1271 http cache https://registry.npmjs.org/get-proto 31ms (cache hit)
1272 silly packumentCache full:https://registry.npmjs.org/get-proto set size:8300 disposed:false
1273 http cache https://registry.npmjs.org/es-object-atoms 28ms (cache hit)
1274 silly packumentCache full:https://registry.npmjs.org/es-object-atoms set size:18278 disposed:false
1275 http cache https://registry.npmjs.org/has-symbols 35ms (cache hit)
1276 silly packumentCache full:https://registry.npmjs.org/has-symbols set size:21550 disposed:false
1277 http cache https://registry.npmjs.org/function-bind 37ms (cache hit)
1278 silly packumentCache full:https://registry.npmjs.org/function-bind set size:15733 disposed:false
1279 http cache https://registry.npmjs.org/math-intrinsics 26ms (cache hit)
1280 silly packumentCache full:https://registry.npmjs.org/math-intrinsics set size:9265 disposed:false
1281 http cache https://registry.npmjs.org/call-bind-apply-helpers 25ms (cache hit)
1282 silly packumentCache full:https://registry.npmjs.org/call-bind-apply-helpers set size:12744 disposed:false
1283 silly packumentCache full:https://registry.npmjs.org/call-bind-apply-helpers dispose
1284 silly placeDep ROOT call-bind-apply-helpers@1.0.2 OK for: call-bound@1.0.4 want: ^1.0.2
1285 silly placeDep ROOT function-bind@1.1.2 OK for: call-bind-apply-helpers@1.0.2 want: ^1.1.2
1286 silly placeDep ROOT es-object-atoms@1.1.2 OK for: get-intrinsic@1.3.0 want: ^1.1.1
1287 silly placeDep ROOT get-proto@1.0.1 OK for: get-intrinsic@1.3.0 want: ^1.0.1
1288 silly placeDep ROOT gopd@1.2.0 OK for: get-intrinsic@1.3.0 want: ^1.2.0
1289 silly placeDep ROOT has-symbols@1.1.0 OK for: get-intrinsic@1.3.0 want: ^1.1.0
1290 silly placeDep ROOT hasown@2.0.4 OK for: get-intrinsic@1.3.0 want: ^2.0.2
1291 silly placeDep ROOT math-intrinsics@1.1.0 OK for: get-intrinsic@1.3.0 want: ^1.1.0
1292 silly fetch manifest dunder-proto@^1.0.1
1293 silly packumentCache full:https://registry.npmjs.org/dunder-proto cache-miss
1294 http cache https://registry.npmjs.org/dunder-proto 6ms (cache hit)
1295 silly packumentCache full:https://registry.npmjs.org/dunder-proto set size:8256 disposed:false
1296 silly placeDep ROOT dunder-proto@1.0.1 OK for: get-proto@1.0.1 want: ^1.0.1
1297 silly placeDep ROOT memory-pager@1.5.0 OK for: sparse-bitfield@3.0.3 want: ^1.0.2
1298 silly placeDep node_modules/tsx esbuild@0.28.2 OK for: tsx@4.23.15 want: ~0.28.0
1299 silly placeDep ROOT fsevents@2.3.3 OK for: tsx@4.23.15 want: ~2.3.3
1300 silly fetch manifest @esbuild/aix-ppc64@0.28.2
1301 silly packumentCache full:https://registry.npmjs.org/@esbuild%2faix-ppc64 cache-hit
1302 silly fetch manifest @esbuild/linux-arm@0.28.2
1303 silly packumentCache full:https://registry.npmjs.org/@esbuild%2flinux-arm cache-hit
1304 silly fetch manifest @esbuild/linux-x64@0.28.2
1305 silly packumentCache full:https://registry.npmjs.org/@esbuild%2flinux-x64 cache-hit
1306 silly fetch manifest @esbuild/sunos-x64@0.28.2
1307 silly packumentCache full:https://registry.npmjs.org/@esbuild%2fsunos-x64 cache-hit
1308 silly fetch manifest @esbuild/win32-x64@0.28.2
1309 silly packumentCache full:https://registry.npmjs.org/@esbuild%2fwin32-x64 cache-hit
1310 silly fetch manifest @esbuild/darwin-x64@0.28.2
1311 silly packumentCache full:https://registry.npmjs.org/@esbuild%2fdarwin-x64 cache-hit
1312 silly fetch manifest @esbuild/linux-ia32@0.28.2
1313 silly packumentCache full:https://registry.npmjs.org/@esbuild%2flinux-ia32 cache-hit
1314 silly fetch manifest @esbuild/netbsd-x64@0.28.2
1315 silly packumentCache full:https://registry.npmjs.org/@esbuild%2fnetbsd-x64 cache-hit
1316 silly fetch manifest @esbuild/win32-ia32@0.28.2
1317 silly packumentCache full:https://registry.npmjs.org/@esbuild%2fwin32-ia32 cache-hit
1318 silly fetch manifest @esbuild/android-arm@0.28.2
1319 silly packumentCache full:https://registry.npmjs.org/@esbuild%2fandroid-arm cache-hit
1320 silly fetch manifest @esbuild/android-x64@0.28.2
1321 silly packumentCache full:https://registry.npmjs.org/@esbuild%2fandroid-x64 cache-hit
1322 silly fetch manifest @esbuild/freebsd-x64@0.28.2
1323 silly packumentCache full:https://registry.npmjs.org/@esbuild%2ffreebsd-x64 cache-hit
1324 silly fetch manifest @esbuild/linux-arm64@0.28.2
1325 silly packumentCache full:https://registry.npmjs.org/@esbuild%2flinux-arm64 cache-hit
1326 silly fetch manifest @esbuild/linux-ppc64@0.28.2
1327 silly packumentCache full:https://registry.npmjs.org/@esbuild%2flinux-ppc64 cache-hit
1328 silly fetch manifest @esbuild/linux-s390x@0.28.2
1329 silly packumentCache full:https://registry.npmjs.org/@esbuild%2flinux-s390x cache-hit
1330 silly fetch manifest @esbuild/openbsd-x64@0.28.2
1331 silly packumentCache full:https://registry.npmjs.org/@esbuild%2fopenbsd-x64 cache-hit
1332 silly fetch manifest @esbuild/win32-arm64@0.28.2
1333 silly packumentCache full:https://registry.npmjs.org/@esbuild%2fwin32-arm64 cache-hit
1334 silly fetch manifest @esbuild/darwin-arm64@0.28.2
1335 silly packumentCache full:https://registry.npmjs.org/@esbuild%2fdarwin-arm64 cache-hit
1336 silly fetch manifest @esbuild/netbsd-arm64@0.28.2
1337 silly packumentCache full:https://registry.npmjs.org/@esbuild%2fnetbsd-arm64 cache-hit
1338 silly fetch manifest @esbuild/android-arm64@0.28.2
1339 silly packumentCache full:https://registry.npmjs.org/@esbuild%2fandroid-arm64 cache-hit
1340 silly fetch manifest @esbuild/freebsd-arm64@0.28.2
1341 silly packumentCache full:https://registry.npmjs.org/@esbuild%2ffreebsd-arm64 cache-hit
1342 silly fetch manifest @esbuild/linux-loong64@0.28.2
1343 silly packumentCache full:https://registry.npmjs.org/@esbuild%2flinux-loong64 cache-hit
1344 silly fetch manifest @esbuild/linux-riscv64@0.28.2
1345 silly packumentCache full:https://registry.npmjs.org/@esbuild%2flinux-riscv64 cache-hit
1346 silly fetch manifest @esbuild/openbsd-arm64@0.28.2
1347 silly packumentCache full:https://registry.npmjs.org/@esbuild%2fopenbsd-arm64 cache-hit
1348 silly fetch manifest @esbuild/linux-mips64el@0.28.2
1349 silly packumentCache full:https://registry.npmjs.org/@esbuild%2flinux-mips64el cache-hit
1350 silly fetch manifest @esbuild/openharmony-arm64@0.28.2
1351 silly packumentCache full:https://registry.npmjs.org/@esbuild%2fopenharmony-arm64 cache-hit
1352 silly placeDep ROOT media-typer@0.3.0 OK for: type-is@1.6.18 want: 0.3.0
1353 silly placeDep ROOT @typescript/typescript-aix-ppc64@7.0.2 OK for: typescript@7.0.2 want: 7.0.2
1354 silly placeDep ROOT @typescript/typescript-darwin-arm64@7.0.2 OK for: typescript@7.0.2 want: 7.0.2
1355 silly placeDep ROOT @typescript/typescript-darwin-x64@7.0.2 OK for: typescript@7.0.2 want: 7.0.2
1356 silly placeDep ROOT @typescript/typescript-freebsd-arm64@7.0.2 OK for: typescript@7.0.2 want: 7.0.2
1357 silly placeDep ROOT @typescript/typescript-freebsd-x64@7.0.2 OK for: typescript@7.0.2 want: 7.0.2
1358 silly placeDep ROOT @typescript/typescript-linux-arm@7.0.2 OK for: typescript@7.0.2 want: 7.0.2
1359 silly placeDep ROOT @typescript/typescript-linux-arm64@7.0.2 OK for: typescript@7.0.2 want: 7.0.2
1360 silly placeDep ROOT @typescript/typescript-linux-loong64@7.0.2 OK for: typescript@7.0.2 want: 7.0.2
1361 silly placeDep ROOT @typescript/typescript-linux-mips64el@7.0.2 OK for: typescript@7.0.2 want: 7.0.2
1362 silly placeDep ROOT @typescript/typescript-linux-ppc64@7.0.2 OK for: typescript@7.0.2 want: 7.0.2
1363 silly placeDep ROOT @typescript/typescript-linux-riscv64@7.0.2 OK for: typescript@7.0.2 want: 7.0.2
1364 silly placeDep ROOT @typescript/typescript-linux-s390x@7.0.2 OK for: typescript@7.0.2 want: 7.0.2
1365 silly placeDep ROOT @typescript/typescript-linux-x64@7.0.2 OK for: typescript@7.0.2 want: 7.0.2
1366 silly placeDep ROOT @typescript/typescript-netbsd-arm64@7.0.2 OK for: typescript@7.0.2 want: 7.0.2
1367 silly placeDep ROOT @typescript/typescript-netbsd-x64@7.0.2 OK for: typescript@7.0.2 want: 7.0.2
1368 silly placeDep ROOT @typescript/typescript-openbsd-arm64@7.0.2 OK for: typescript@7.0.2 want: 7.0.2
1369 silly placeDep ROOT @typescript/typescript-openbsd-x64@7.0.2 OK for: typescript@7.0.2 want: 7.0.2
1370 silly placeDep ROOT @typescript/typescript-sunos-x64@7.0.2 OK for: typescript@7.0.2 want: 7.0.2
1371 silly placeDep ROOT @typescript/typescript-win32-arm64@7.0.2 OK for: typescript@7.0.2 want: 7.0.2
1372 silly placeDep ROOT @typescript/typescript-win32-x64@7.0.2 OK for: typescript@7.0.2 want: 7.0.2
1373 silly placeDep ROOT escalade@3.2.0 OK for: update-browserslist-db@1.3.4 want: ^3.2.0
1374 silly placeDep node_modules/vite lightningcss@1.33.0 OK for: vite@8.3.4 want: ^1.33.0
1375 silly placeDep ROOT picomatch@4.0.7 OK for: vite@8.3.4 want: ^4.0.7
1376 silly placeDep ROOT postcss@8.5.29 OK for: vite@8.3.4 want: ^8.5.29
1377 silly placeDep ROOT rolldown@1.2.13 OK for: vite@8.3.4 want: ~1.2.12
1378 silly placeDep ROOT tinyglobby@0.2.17 OK for: vite@8.3.4 want: ^0.2.17
1379 silly fetch manifest lightningcss-darwin-x64@1.33.0
1380 silly packumentCache full:https://registry.npmjs.org/lightningcss-darwin-x64 cache-hit
1381 silly fetch manifest lightningcss-linux-x64-gnu@1.33.0
1382 silly packumentCache full:https://registry.npmjs.org/lightningcss-linux-x64-gnu cache-hit
1383 silly fetch manifest lightningcss-win32-x64-msvc@1.33.0
1384 silly packumentCache full:https://registry.npmjs.org/lightningcss-win32-x64-msvc cache-hit
1385 silly fetch manifest lightningcss-win32-arm64-msvc@1.33.0
1386 silly packumentCache full:https://registry.npmjs.org/lightningcss-win32-arm64-msvc cache-hit
1387 silly fetch manifest lightningcss-darwin-arm64@1.33.0
1388 silly packumentCache full:https://registry.npmjs.org/lightningcss-darwin-arm64 cache-hit
1389 silly fetch manifest lightningcss-linux-arm64-gnu@1.33.0
1390 silly packumentCache full:https://registry.npmjs.org/lightningcss-linux-arm64-gnu cache-hit
1391 silly fetch manifest lightningcss-linux-arm-gnueabihf@1.33.0
1392 silly packumentCache full:https://registry.npmjs.org/lightningcss-linux-arm-gnueabihf cache-hit
1393 silly fetch manifest lightningcss-linux-arm64-musl@1.33.0
1394 silly packumentCache full:https://registry.npmjs.org/lightningcss-linux-arm64-musl cache-hit
1395 silly fetch manifest lightningcss-linux-x64-musl@1.33.0
1396 silly packumentCache full:https://registry.npmjs.org/lightningcss-linux-x64-musl cache-hit
1397 silly fetch manifest lightningcss-freebsd-x64@1.33.0
1398 silly packumentCache full:https://registry.npmjs.org/lightningcss-freebsd-x64 cache-hit
1399 silly fetch manifest lightningcss-android-arm64@1.33.0
1400 silly packumentCache full:https://registry.npmjs.org/lightningcss-android-arm64 cache-hit
1401 silly fetch manifest nanoid@^3.3.19
1402 silly packumentCache full:https://registry.npmjs.org/nanoid cache-miss
1403 silly fetch manifest @oxc-project/types@=0.153.0
1404 silly packumentCache full:https://registry.npmjs.org/@oxc-project%2ftypes cache-miss
1405 silly fetch manifest @rolldown/binding-darwin-x64@1.2.13
1406 silly packumentCache full:https://registry.npmjs.org/@rolldown%2fbinding-darwin-x64 cache-miss
1407 silly fetch manifest @rolldown/binding-freebsd-x64@1.2.13
1408 silly packumentCache full:https://registry.npmjs.org/@rolldown%2fbinding-freebsd-x64 cache-miss
1409 silly fetch manifest @rolldown/binding-darwin-arm64@1.2.13
1410 silly packumentCache full:https://registry.npmjs.org/@rolldown%2fbinding-darwin-arm64 cache-miss
1411 silly fetch manifest @rolldown/binding-android-arm64@1.2.13
1412 silly packumentCache full:https://registry.npmjs.org/@rolldown%2fbinding-android-arm64 cache-miss
1413 silly fetch manifest @rolldown/binding-linux-x64-gnu@1.2.13
1414 silly packumentCache full:https://registry.npmjs.org/@rolldown%2fbinding-linux-x64-gnu cache-miss
1415 http cache https://registry.npmjs.org/nanoid 110ms (cache hit)
1416 silly packumentCache full:https://registry.npmjs.org/nanoid set size:352791 disposed:false
1417 silly fetch manifest @rolldown/binding-linux-x64-musl@1.2.13
1418 silly packumentCache full:https://registry.npmjs.org/@rolldown%2fbinding-linux-x64-musl cache-miss
1419 http fetch GET 200 https://registry.npmjs.org/@oxc-project%2ftypes 1155ms (cache miss)
1420 silly packumentCache full:https://registry.npmjs.org/@oxc-project%2ftypes set size:undefined disposed:false
1421 silly fetch manifest @rolldown/binding-win32-x64-msvc@1.2.13
1422 silly packumentCache full:https://registry.npmjs.org/@rolldown%2fbinding-win32-x64-msvc cache-miss
1423 http fetch GET 200 https://registry.npmjs.org/@rolldown%2fbinding-android-arm64 2893ms (cache miss)
1424 silly packumentCache full:https://registry.npmjs.org/@rolldown%2fbinding-android-arm64 set size:undefined disposed:false
1425 silly fetch manifest @rolldown/binding-linux-arm64-gnu@1.2.13
1426 silly packumentCache full:https://registry.npmjs.org/@rolldown%2fbinding-linux-arm64-gnu cache-miss
1427 http fetch GET 200 https://registry.npmjs.org/@rolldown%2fbinding-freebsd-x64 3229ms (cache miss)
1428 silly packumentCache full:https://registry.npmjs.org/@rolldown%2fbinding-freebsd-x64 set size:undefined disposed:false
1429 silly fetch manifest @rolldown/binding-linux-ppc64-gnu@1.2.13
1430 silly packumentCache full:https://registry.npmjs.org/@rolldown%2fbinding-linux-ppc64-gnu cache-miss
1431 http fetch GET 200 https://registry.npmjs.org/@rolldown%2fbinding-linux-ppc64-gnu 828ms (cache miss)
1432 silly packumentCache full:https://registry.npmjs.org/@rolldown%2fbinding-linux-ppc64-gnu set size:undefined disposed:false
1433 silly fetch manifest @rolldown/binding-linux-s390x-gnu@1.2.13
1434 silly packumentCache full:https://registry.npmjs.org/@rolldown%2fbinding-linux-s390x-gnu cache-miss
1435 http fetch GET 200 https://registry.npmjs.org/@rolldown%2fbinding-darwin-x64 4694ms (cache miss)
1436 silly packumentCache full:https://registry.npmjs.org/@rolldown%2fbinding-darwin-x64 set size:undefined disposed:false
1437 silly fetch manifest @rolldown/binding-android-arm-eabi@1.2.13
1438 silly packumentCache full:https://registry.npmjs.org/@rolldown%2fbinding-android-arm-eabi cache-miss
1439 http fetch GET 200 https://registry.npmjs.org/@rolldown%2fbinding-win32-x64-msvc 3562ms (cache miss)
1440 silly packumentCache full:https://registry.npmjs.org/@rolldown%2fbinding-win32-x64-msvc set size:undefined disposed:false
1441 silly fetch manifest @rolldown/binding-linux-arm64-musl@1.2.13
1442 silly packumentCache full:https://registry.npmjs.org/@rolldown%2fbinding-linux-arm64-musl cache-miss
1443 http fetch GET 200 https://registry.npmjs.org/@rolldown%2fbinding-linux-s390x-gnu 823ms (cache miss)
1444 silly packumentCache full:https://registry.npmjs.org/@rolldown%2fbinding-linux-s390x-gnu set size:undefined disposed:false
1445 silly fetch manifest @rolldown/binding-win32-arm64-msvc@1.2.13
1446 silly packumentCache full:https://registry.npmjs.org/@rolldown%2fbinding-win32-arm64-msvc cache-miss
1447 http fetch GET 200 https://registry.npmjs.org/@rolldown%2fbinding-linux-x64-musl 4804ms (cache miss)
1448 silly packumentCache full:https://registry.npmjs.org/@rolldown%2fbinding-linux-x64-musl set size:undefined disposed:false
1449 silly fetch manifest @rolldown/binding-openharmony-arm64@1.2.13
1450 silly packumentCache full:https://registry.npmjs.org/@rolldown%2fbinding-openharmony-arm64 cache-miss
1451 http fetch GET 200 https://registry.npmjs.org/@rolldown%2fbinding-android-arm-eabi 642ms (cache miss)
1452 silly packumentCache full:https://registry.npmjs.org/@rolldown%2fbinding-android-arm-eabi set size:undefined disposed:false
1453 silly fetch manifest @rolldown/binding-linux-arm-gnueabihf@1.2.13
1454 silly packumentCache full:https://registry.npmjs.org/@rolldown%2fbinding-linux-arm-gnueabihf cache-miss
1455 http fetch GET 200 https://registry.npmjs.org/@rolldown%2fbinding-openharmony-arm64 1117ms (cache miss)
1456 silly packumentCache full:https://registry.npmjs.org/@rolldown%2fbinding-openharmony-arm64 set size:undefined disposed:false
1457 silly fetch manifest fdir@^6.5.0
1458 silly packumentCache full:https://registry.npmjs.org/fdir cache-miss
1459 http fetch GET 200 https://registry.npmjs.org/@rolldown%2fbinding-darwin-arm64 6690ms (cache miss)
1460 silly packumentCache full:https://registry.npmjs.org/@rolldown%2fbinding-darwin-arm64 set size:undefined disposed:false
1461 http fetch GET 200 https://registry.npmjs.org/fdir 1650ms (cache miss)
1462 silly packumentCache full:https://registry.npmjs.org/fdir set size:undefined disposed:false
1463 http fetch GET 200 https://registry.npmjs.org/@rolldown%2fbinding-win32-arm64-msvc 2969ms (cache miss)
1464 silly packumentCache full:https://registry.npmjs.org/@rolldown%2fbinding-win32-arm64-msvc set size:undefined disposed:false
1465 http fetch GET 200 https://registry.npmjs.org/@rolldown%2fbinding-linux-arm64-gnu 5384ms (cache miss)
1466 silly packumentCache full:https://registry.npmjs.org/@rolldown%2fbinding-linux-arm64-gnu set size:undefined disposed:false
1467 http fetch GET 200 https://registry.npmjs.org/@rolldown%2fbinding-linux-x64-gnu 8345ms (cache miss)
1468 silly packumentCache full:https://registry.npmjs.org/@rolldown%2fbinding-linux-x64-gnu set size:undefined disposed:false
1469 http fetch GET 200 https://registry.npmjs.org/@rolldown%2fbinding-linux-arm64-musl 3632ms (cache miss)
1470 silly packumentCache full:https://registry.npmjs.org/@rolldown%2fbinding-linux-arm64-musl set size:undefined disposed:false
1471 http fetch GET 200 https://registry.npmjs.org/@rolldown%2fbinding-linux-arm-gnueabihf 3717ms (cache miss)
1472 silly packumentCache full:https://registry.npmjs.org/@rolldown%2fbinding-linux-arm-gnueabihf set size:undefined disposed:false
1473 silly placeDep ROOT nanoid@3.3.20 OK for: postcss@8.5.29 want: ^3.3.19
1474 silly placeDep ROOT @oxc-project/types@0.153.0 OK for: rolldown@1.2.13 want: =0.153.0
1475 silly placeDep ROOT @rolldown/binding-android-arm-eabi@1.2.13 OK for: rolldown@1.2.13 want: 1.2.13
1476 silly placeDep ROOT @rolldown/binding-android-arm64@1.2.13 OK for: rolldown@1.2.13 want: 1.2.13
1477 silly placeDep ROOT @rolldown/binding-darwin-arm64@1.2.13 OK for: rolldown@1.2.13 want: 1.2.13
1478 silly placeDep ROOT @rolldown/binding-darwin-x64@1.2.13 OK for: rolldown@1.2.13 want: 1.2.13
1479 silly placeDep ROOT @rolldown/binding-freebsd-x64@1.2.13 OK for: rolldown@1.2.13 want: 1.2.13
1480 silly placeDep ROOT @rolldown/binding-linux-arm-gnueabihf@1.2.13 OK for: rolldown@1.2.13 want: 1.2.13
1481 silly placeDep ROOT @rolldown/binding-linux-arm64-gnu@1.2.13 OK for: rolldown@1.2.13 want: 1.2.13
1482 silly placeDep ROOT @rolldown/binding-linux-arm64-musl@1.2.13 OK for: rolldown@1.2.13 want: 1.2.13
1483 silly placeDep ROOT @rolldown/binding-linux-ppc64-gnu@1.2.13 OK for: rolldown@1.2.13 want: 1.2.13
1484 silly placeDep ROOT @rolldown/binding-linux-s390x-gnu@1.2.13 OK for: rolldown@1.2.13 want: 1.2.13
1485 silly placeDep ROOT @rolldown/binding-linux-x64-gnu@1.2.13 OK for: rolldown@1.2.13 want: 1.2.13
1486 silly placeDep ROOT @rolldown/binding-linux-x64-musl@1.2.13 OK for: rolldown@1.2.13 want: 1.2.13
1487 silly placeDep ROOT @rolldown/binding-openharmony-arm64@1.2.13 OK for: rolldown@1.2.13 want: 1.2.13
1488 silly placeDep ROOT @rolldown/binding-win32-arm64-msvc@1.2.13 OK for: rolldown@1.2.13 want: 1.2.13
1489 silly placeDep ROOT @rolldown/binding-win32-x64-msvc@1.2.13 OK for: rolldown@1.2.13 want: 1.2.13
1490 silly placeDep ROOT fdir@6.5.0 OK for: tinyglobby@0.2.17 want: ^6.5.0
1491 silly placeDep ROOT tr46@5.1.1 OK for: whatwg-url@14.2.0 want: ^5.1.0
1492 silly placeDep ROOT webidl-conversions@7.0.0 OK for: whatwg-url@14.2.0 want: ^7.0.0
1493 silly fetch manifest punycode@^2.3.1
1494 silly packumentCache full:https://registry.npmjs.org/punycode cache-miss
1495 http fetch GET 200 https://registry.npmjs.org/punycode 545ms (cache miss)
1496 silly packumentCache full:https://registry.npmjs.org/punycode set size:undefined disposed:false
1497 silly placeDep ROOT punycode@2.3.1 OK for: tr46@5.1.1 want: ^2.3.1
1498 silly placeDep ROOT @types/mime@1.3.5 OK for: @types/send@0.17.6 want: ^1
1499 silly placeDep node_modules/https-proxy-agent ms@2.1.3 OK for: debug@4.4.3 want: ^2.1.3
1500 silly placeDep node_modules/tsx @esbuild/aix-ppc64@0.28.2 OK for: esbuild@0.28.2 want: 0.28.2
1501 silly placeDep node_modules/tsx @esbuild/android-arm@0.28.2 OK for: esbuild@0.28.2 want: 0.28.2
1502 silly placeDep node_modules/tsx @esbuild/android-arm64@0.28.2 OK for: esbuild@0.28.2 want: 0.28.2
1503 silly placeDep node_modules/tsx @esbuild/android-x64@0.28.2 OK for: esbuild@0.28.2 want: 0.28.2
1504 silly placeDep node_modules/tsx @esbuild/darwin-arm64@0.28.2 OK for: esbuild@0.28.2 want: 0.28.2
1505 silly placeDep node_modules/tsx @esbuild/darwin-x64@0.28.2 OK for: esbuild@0.28.2 want: 0.28.2
1506 silly placeDep node_modules/tsx @esbuild/freebsd-arm64@0.28.2 OK for: esbuild@0.28.2 want: 0.28.2
1507 silly placeDep node_modules/tsx @esbuild/freebsd-x64@0.28.2 OK for: esbuild@0.28.2 want: 0.28.2
1508 silly placeDep node_modules/tsx @esbuild/linux-arm@0.28.2 OK for: esbuild@0.28.2 want: 0.28.2
1509 silly placeDep node_modules/tsx @esbuild/linux-arm64@0.28.2 OK for: esbuild@0.28.2 want: 0.28.2
1510 silly placeDep node_modules/tsx @esbuild/linux-ia32@0.28.2 OK for: esbuild@0.28.2 want: 0.28.2
1511 silly placeDep node_modules/tsx @esbuild/linux-loong64@0.28.2 OK for: esbuild@0.28.2 want: 0.28.2
1512 silly placeDep node_modules/tsx @esbuild/linux-mips64el@0.28.2 OK for: esbuild@0.28.2 want: 0.28.2
1513 silly placeDep node_modules/tsx @esbuild/linux-ppc64@0.28.2 OK for: esbuild@0.28.2 want: 0.28.2
1514 silly placeDep node_modules/tsx @esbuild/linux-riscv64@0.28.2 OK for: esbuild@0.28.2 want: 0.28.2
1515 silly placeDep node_modules/tsx @esbuild/linux-s390x@0.28.2 OK for: esbuild@0.28.2 want: 0.28.2
1516 silly placeDep node_modules/tsx @esbuild/linux-x64@0.28.2 OK for: esbuild@0.28.2 want: 0.28.2
1517 silly placeDep node_modules/tsx @esbuild/netbsd-arm64@0.28.2 OK for: esbuild@0.28.2 want: 0.28.2
1518 silly placeDep node_modules/tsx @esbuild/netbsd-x64@0.28.2 OK for: esbuild@0.28.2 want: 0.28.2
1519 silly placeDep node_modules/tsx @esbuild/openbsd-arm64@0.28.2 OK for: esbuild@0.28.2 want: 0.28.2
1520 silly placeDep node_modules/tsx @esbuild/openbsd-x64@0.28.2 OK for: esbuild@0.28.2 want: 0.28.2
1521 silly placeDep node_modules/tsx @esbuild/openharmony-arm64@0.28.2 OK for: esbuild@0.28.2 want: 0.28.2
1522 silly placeDep node_modules/tsx @esbuild/sunos-x64@0.28.2 OK for: esbuild@0.28.2 want: 0.28.2
1523 silly placeDep node_modules/tsx @esbuild/win32-arm64@0.28.2 OK for: esbuild@0.28.2 want: 0.28.2
1524 silly placeDep node_modules/tsx @esbuild/win32-ia32@0.28.2 OK for: esbuild@0.28.2 want: 0.28.2
1525 silly placeDep node_modules/tsx @esbuild/win32-x64@0.28.2 OK for: esbuild@0.28.2 want: 0.28.2
1526 silly placeDep node_modules/vite lightningcss-android-arm64@1.33.0 OK for: lightningcss@1.33.0 want: 1.33.0
1527 silly placeDep node_modules/vite lightningcss-darwin-arm64@1.33.0 OK for: lightningcss@1.33.0 want: 1.33.0
1528 silly placeDep node_modules/vite lightningcss-darwin-x64@1.33.0 OK for: lightningcss@1.33.0 want: 1.33.0
1529 silly placeDep node_modules/vite lightningcss-freebsd-x64@1.33.0 OK for: lightningcss@1.33.0 want: 1.33.0
1530 silly placeDep node_modules/vite lightningcss-linux-arm-gnueabihf@1.33.0 OK for: lightningcss@1.33.0 want: 1.33.0
1531 silly placeDep node_modules/vite lightningcss-linux-arm64-gnu@1.33.0 OK for: lightningcss@1.33.0 want: 1.33.0
1532 silly placeDep node_modules/vite lightningcss-linux-arm64-musl@1.33.0 OK for: lightningcss@1.33.0 want: 1.33.0
1533 silly placeDep node_modules/vite lightningcss-linux-x64-gnu@1.33.0 OK for: lightningcss@1.33.0 want: 1.33.0
1534 silly placeDep node_modules/vite lightningcss-linux-x64-musl@1.33.0 OK for: lightningcss@1.33.0 want: 1.33.0
1535 silly placeDep node_modules/vite lightningcss-win32-arm64-msvc@1.33.0 OK for: lightningcss@1.33.0 want: 1.33.0
1536 silly placeDep node_modules/vite lightningcss-win32-x64-msvc@1.33.0 OK for: lightningcss@1.33.0 want: 1.33.0
1537 silly reify moves {}
1538 silly audit bulk request {
1538 silly audit   '@google/genai': [ '2.28.0' ],
1538 silly audit   '@tailwindcss/vite': [ '4.3.3' ],
1538 silly audit   '@types/express': [ '4.17.25' ],
1538 silly audit   '@types/node': [ '22.20.5' ],
1538 silly audit   '@types/nodemailer': [ '8.0.2' ],
1538 silly audit   '@types/react': [ '19.3.0' ],
1538 silly audit   '@types/react-dom': [ '19.3.0' ],
1538 silly audit   '@vitejs/plugin-react': [ '6.1.2' ],
1538 silly audit   autoprefixer: [ '10.6.1' ],
1538 silly audit   dotenv: [ '17.4.2' ],
1538 silly audit   esbuild: [ '0.25.12', '0.28.2' ],
1538 silly audit   express: [ '4.22.3' ],
1538 silly audit   'lucide-react': [ '0.546.0' ],
1538 silly audit   mongodb: [ '7.7.0' ],
1538 silly audit   motion: [ '12.43.0' ],
1538 silly audit   nodemailer: [ '10.0.16' ],
1538 silly audit   react: [ '19.3.0' ],
1538 silly audit   'react-dom': [ '19.3.0' ],
1538 silly audit   tailwindcss: [ '4.3.3' ],
1538 silly audit   tsx: [ '4.23.15' ],
1538 silly audit   typescript: [ '7.0.2' ],
1538 silly audit   vite: [ '8.3.4' ],
1538 silly audit   'google-auth-library': [ '10.9.1' ],
1538 silly audit   'p-retry': [ '4.6.2' ],
1538 silly audit   protobufjs: [ '7.6.6' ],
1538 silly audit   ws: [ '8.22.0' ],
1538 silly audit   '@tailwindcss/node': [ '4.3.3' ],
1538 silly audit   '@tailwindcss/oxide': [ '4.3.3' ],
1538 silly audit   '@jridgewell/remapping': [ '2.3.5' ],
1538 silly audit   'enhanced-resolve': [ '5.26.0' ],
1538 silly audit   jiti: [ '2.7.0' ],
1538 silly audit   lightningcss: [ '1.32.0', '1.33.0' ],
1538 silly audit   'magic-string': [ '0.30.21' ],
1538 silly audit   'source-map-js': [ '1.2.2' ],
1538 silly audit   '@jridgewell/gen-mapping': [ '0.3.13' ],
1538 silly audit   '@jridgewell/trace-mapping': [ '0.3.31' ],
1538 silly audit   '@jridgewell/sourcemap-codec': [ '1.6.0' ],
1538 silly audit   '@jridgewell/resolve-uri': [ '3.1.2' ],
1538 silly audit   '@tailwindcss/oxide-android-arm64': [ '4.3.3' ],
1538 silly audit   '@tailwindcss/oxide-darwin-arm64': [ '4.3.3' ],
1538 silly audit   '@tailwindcss/oxide-darwin-x64': [ '4.3.3' ],
1538 silly audit   '@tailwindcss/oxide-freebsd-x64': [ '4.3.3' ],
1538 silly audit   '@tailwindcss/oxide-linux-arm-gnueabihf': [ '4.3.3' ],
1538 silly audit   '@tailwindcss/oxide-linux-arm64-gnu': [ '4.3.3' ],
1538 silly audit   '@tailwindcss/oxide-linux-arm64-musl': [ '4.3.3' ],
1538 silly audit   '@tailwindcss/oxide-linux-x64-gnu': [ '4.3.3' ],
1538 silly audit   '@tailwindcss/oxide-linux-x64-musl': [ '4.3.3' ],
1538 silly audit   '@tailwindcss/oxide-wasm32-wasi': [ '4.3.3' ],
1538 silly audit   '@tailwindcss/oxide-win32-arm64-msvc': [ '4.3.3' ],
1538 silly audit   '@tailwindcss/oxide-win32-x64-msvc': [ '4.3.3' ],
1538 silly audit   '@types/body-parser': [ '1.19.6' ],
1538 silly audit   '@types/express-serve-static-core': [ '4.19.9' ],
1538 silly audit   '@types/qs': [ '6.15.1' ],
1538 silly audit   '@types/serve-static': [ '1.15.10' ],
1538 silly audit   '@types/connect': [ '3.4.38' ],
1538 silly audit   '@types/range-parser': [ '1.2.7' ],
1538 silly audit   '@types/send': [ '1.2.1', '0.17.6' ],
1538 silly audit   'undici-types': [ '6.21.0' ],
1538 silly audit   csstype: [ '3.2.3' ],
1538 silly audit   '@types/http-errors': [ '2.0.5' ],
1538 silly audit   '@rolldown/pluginutils': [ '1.0.1' ],
1538 silly audit   browserslist: [ '4.29.3' ],
1538 silly audit   'caniuse-lite': [ '1.0.30001815' ],
1538 silly audit   'fraction.js': [ '5.3.4' ],
1538 silly audit   picocolors: [ '1.1.1' ],
1538 silly audit   'postcss-value-parser': [ '4.2.0' ],
1538 silly audit   'baseline-browser-mapping': [ '2.11.28' ],
1538 silly audit   'electron-to-chromium': [ '1.5.452' ],
1538 silly audit   'node-releases': [ '2.0.58' ],
1538 silly audit   'update-browserslist-db': [ '1.3.4' ],
1538 silly audit   'graceful-fs': [ '4.2.11' ],
1538 silly audit   tapable: [ '2.3.3' ],
1538 silly audit   '@esbuild/aix-ppc64': [ '0.25.12', '0.28.2' ],
1538 silly audit   '@esbuild/android-arm': [ '0.25.12', '0.28.2' ],
1538 silly audit   '@esbuild/android-arm64': [ '0.25.12', '0.28.2' ],
1538 silly audit   '@esbuild/android-x64': [ '0.25.12', '0.28.2' ],
1538 silly audit   '@esbuild/darwin-arm64': [ '0.25.12', '0.28.2' ],
1538 silly audit   '@esbuild/darwin-x64': [ '0.25.12', '0.28.2' ],
1538 silly audit   '@esbuild/freebsd-arm64': [ '0.25.12', '0.28.2' ],
1538 silly audit   '@esbuild/freebsd-x64': [ '0.25.12', '0.28.2' ],
1538 silly audit   '@esbuild/linux-arm': [ '0.25.12', '0.28.2' ],
1538 silly audit   '@esbuild/linux-arm64': [ '0.25.12', '0.28.2' ],
1538 silly audit   '@esbuild/linux-ia32': [ '0.25.12', '0.28.2' ],
1538 silly audit   '@esbuild/linux-loong64': [ '0.25.12', '0.28.2' ],
1538 silly audit   '@esbuild/linux-mips64el': [ '0.25.12', '0.28.2' ],
1538 silly audit   '@esbuild/linux-ppc64': [ '0.25.12', '0.28.2' ],
1538 silly audit   '@esbuild/linux-riscv64': [ '0.25.12', '0.28.2' ],
1538 silly audit   '@esbuild/linux-s390x': [ '0.25.12', '0.28.2' ],
1538 silly audit   '@esbuild/linux-x64': [ '0.25.12', '0.28.2' ],
1538 silly audit   '@esbuild/netbsd-arm64': [ '0.25.12', '0.28.2' ],
1538 silly audit   '@esbuild/netbsd-x64': [ '0.25.12', '0.28.2' ],
1538 silly audit   '@esbuild/openbsd-arm64': [ '0.25.12', '0.28.2' ],
1538 silly audit   '@esbuild/openbsd-x64': [ '0.25.12', '0.28.2' ],
1538 silly audit   '@esbuild/openharmony-arm64': [ '0.25.12', '0.28.2' ],
1538 silly audit   '@esbuild/sunos-x64': [ '0.25.12', '0.28.2' ],
1538 silly audit   '@esbuild/win32-arm64': [ '0.25.12', '0.28.2' ],
1538 silly audit   '@esbuild/win32-ia32': [ '0.25.12', '0.28.2' ],
1538 silly audit   '@esbuild/win32-x64': [ '0.25.12', '0.28.2' ],
1538 silly audit   accepts: [ '1.3.8' ],
1538 silly audit   'array-flatten': [ '1.1.1' ],
1538 silly audit   'body-parser': [ '1.20.8' ],
1538 silly audit   'content-disposition': [ '0.5.4' ],
1538 silly audit   'content-type': [ '1.0.5' ],
1538 silly audit   cookie: [ '0.7.2' ],
1538 silly audit   'cookie-signature': [ '1.0.7' ],
1538 silly audit   debug: [ '2.6.9', '4.4.3' ],
1538 silly audit   depd: [ '2.0.0' ],
1538 silly audit   encodeurl: [ '2.0.0' ],
1538 silly audit   'escape-html': [ '1.0.3' ],
1538 silly audit   etag: [ '1.8.1' ],
1538 silly audit   finalhandler: [ '1.3.2' ],
1538 silly audit   fresh: [ '0.5.2' ],
1538 silly audit   'http-errors': [ '2.0.1' ],
1538 silly audit   'merge-descriptors': [ '1.0.3' ],
1538 silly audit   methods: [ '1.1.2' ],
1538 silly audit   'on-finished': [ '2.4.1' ],
1538 silly audit   parseurl: [ '1.3.3' ],
1538 silly audit   'path-to-regexp': [ '0.1.13' ],
1538 silly audit   'proxy-addr': [ '2.0.8' ],
1538 silly audit   qs: [ '6.16.0' ],
1538 silly audit   'range-parser': [ '1.2.1' ],
1538 silly audit   'safe-buffer': [ '5.2.1' ],
1538 silly audit   send: [ '0.19.2' ],
1538 silly audit   'serve-static': [ '1.16.3' ],
1538 silly audit   setprototypeof: [ '1.2.0' ],
1538 silly audit   statuses: [ '2.0.2' ],
1538 silly audit   'type-is': [ '1.6.18' ],
1538 silly audit   'utils-merge': [ '1.0.1' ],
1538 silly audit   vary: [ '1.1.2' ],
1538 silly audit   'mime-types': [ '2.1.35' ],
1538 silly audit   negotiator: [ '0.6.3' ],
1538 silly audit   bytes: [ '3.1.2' ],
1538 silly audit   destroy: [ '1.2.0' ],
1538 silly audit   'iconv-lite': [ '0.4.24' ],
1538 silly audit   'raw-body': [ '2.5.3' ],
1538 silly audit   unpipe: [ '1.0.0' ],
1538 silly audit   ms: [ '2.0.0', '2.1.3' ],
1538 silly audit   'base64-js': [ '1.5.1' ],
1538 silly audit   'ecdsa-sig-formatter': [ '1.0.11' ],
1538 silly audit   gaxios: [ '7.3.1' ],
1538 silly audit   'gcp-metadata': [ '8.1.2' ],
1538 silly audit   'google-logging-utils': [ '1.1.3' ],
1538 silly audit   jws: [ '4.0.1' ],
1538 silly audit   extend: [ '3.0.2' ],
1538 silly audit   'https-proxy-agent': [ '7.0.6' ],
1538 silly audit   'node-fetch': [ '3.3.2' ],
1538 silly audit   'json-bigint': [ '1.0.0' ],
1538 silly audit   inherits: [ '2.0.4' ],
1538 silly audit   toidentifier: [ '1.0.1' ],
1538 silly audit   'agent-base': [ '7.1.4' ],
1538 silly audit   'safer-buffer': [ '2.1.2' ],
1538 silly audit   'bignumber.js': [ '9.3.1' ],
1538 silly audit   jwa: [ '2.0.1' ],
1538 silly audit   'buffer-equal-constant-time': [ '1.0.1' ],
1538 silly audit   'detect-libc': [ '2.1.2' ],
1538 silly audit   'lightningcss-android-arm64': [ '1.32.0', '1.33.0' ],
1538 silly audit   'lightningcss-darwin-arm64': [ '1.32.0', '1.33.0' ],
1538 silly audit   'lightningcss-darwin-x64': [ '1.32.0', '1.33.0' ],
1538 silly audit   'lightningcss-freebsd-x64': [ '1.32.0', '1.33.0' ],
1538 silly audit   'lightningcss-linux-arm-gnueabihf': [ '1.32.0', '1.33.0' ],
1538 silly audit   'lightningcss-linux-arm64-gnu': [ '1.32.0', '1.33.0' ],
1538 silly audit   'lightningcss-linux-arm64-musl': [ '1.32.0', '1.33.0' ],
1538 silly audit   'lightningcss-linux-x64-gnu': [ '1.32.0', '1.33.0' ],
1538 silly audit   'lightningcss-linux-x64-musl': [ '1.32.0', '1.33.0' ],
1538 silly audit   'lightningcss-win32-arm64-msvc': [ '1.32.0', '1.33.0' ],
1538 silly audit   'lightningcss-win32-x64-msvc': [ '1.32.0', '1.33.0' ],
1538 silly audit   'mime-db': [ '1.52.0' ],
1538 silly audit   '@mongodb-js/saslprep': [ '1.6.0' ],
1538 silly audit   bson: [ '7.3.3' ],
1538 silly audit   'mongodb-connection-string-url': [ '7.0.2' ],
1538 silly audit   'sparse-bitfield': [ '3.0.3' ],
1538 silly audit   '@types/whatwg-url': [ '13.0.0' ],
1538 silly audit   'whatwg-url': [ '14.2.0' ],
1538 silly audit   '@types/webidl-conversions': [ '7.0.3' ],
1538 silly audit   'framer-motion': [ '12.43.0' ],
1538 silly audit   tslib: [ '2.8.1' ],
1538 silly audit   'motion-dom': [ '12.43.0' ],
1538 silly audit   'motion-utils': [ '12.39.0' ],
1538 silly audit   'data-uri-to-buffer': [ '4.0.1' ],
1538 silly audit   'fetch-blob': [ '3.2.0' ],
1538 silly audit   'formdata-polyfill': [ '4.0.10' ],
1538 silly audit   'node-domexception': [ '1.0.0' ],
1538 silly audit   'web-streams-polyfill': [ '3.3.3' ],
1538 silly audit   'ee-first': [ '1.1.1' ],
1538 silly audit   '@types/retry': [ '0.12.0' ],
1538 silly audit   retry: [ '0.13.1' ],
1538 silly audit   '@protobufjs/aspromise': [ '1.1.2' ],
1538 silly audit   '@protobufjs/base64': [ '1.1.2' ],
1538 silly audit   '@protobufjs/codegen': [ '2.0.5' ],
1538 silly audit   '@protobufjs/eventemitter': [ '1.1.1' ],
1538 silly audit   '@protobufjs/fetch': [ '1.1.1' ],
1538 silly audit   '@protobufjs/float': [ '1.0.2' ],
1538 silly audit   '@protobufjs/path': [ '1.1.2' ],
1538 silly audit   '@protobufjs/pool': [ '1.1.0' ],
1538 silly audit   '@protobufjs/utf8': [ '1.1.2' ],
1538 silly audit   long: [ '5.3.2' ],
1538 silly audit   forwarded: [ '0.2.0' ],
1538 silly audit   'ipaddr.js': [ '1.9.1' ],
1538 silly audit   'es-define-property': [ '1.0.1' ],
1538 silly audit   'side-channel': [ '1.1.1' ],
1538 silly audit   scheduler: [ '0.28.0' ],
1538 silly audit   mime: [ '1.6.0' ],
1538 silly audit   'es-errors': [ '1.3.0' ],
1538 silly audit   'object-inspect': [ '1.13.4' ],
1538 silly audit   'side-channel-list': [ '1.0.1' ],
1538 silly audit   'side-channel-map': [ '1.0.1' ],
1538 silly audit   'side-channel-weakmap': [ '1.0.2' ],
1538 silly audit   'call-bound': [ '1.0.4' ],
1538 silly audit   'get-intrinsic': [ '1.3.0' ],
1538 silly audit   'call-bind-apply-helpers': [ '1.0.2' ],
1538 silly audit   'function-bind': [ '1.1.2' ],
1538 silly audit   'es-object-atoms': [ '1.1.2' ],
1538 silly audit   'get-proto': [ '1.0.1' ],
1538 silly audit   gopd: [ '1.2.0' ],
1538 silly audit   'has-symbols': [ '1.1.0' ],
1538 silly audit   hasown: [ '2.0.4' ],
1538 silly audit   'math-intrinsics': [ '1.1.0' ],
1538 silly audit   'dunder-proto': [ '1.0.1' ],
1538 silly audit   'memory-pager': [ '1.5.0' ],
1538 silly audit   fsevents: [ '2.3.3' ],
1538 silly audit   'media-typer': [ '0.3.0' ],
1538 silly audit   '@typescript/typescript-aix-ppc64': [ '7.0.2' ],
1538 silly audit   '@typescript/typescript-darwin-arm64': [ '7.0.2' ],
1538 silly audit   '@typescript/typescript-darwin-x64': [ '7.0.2' ],
1538 silly audit   '@typescript/typescript-freebsd-arm64': [ '7.0.2' ],
1538 silly audit   '@typescript/typescript-freebsd-x64': [ '7.0.2' ],
1538 silly audit   '@typescript/typescript-linux-arm': [ '7.0.2' ],
1538 silly audit   '@typescript/typescript-linux-arm64': [ '7.0.2' ],
1538 silly audit   '@typescript/typescript-linux-loong64': [ '7.0.2' ],
1538 silly audit   '@typescript/typescript-linux-mips64el': [ '7.0.2' ],
1538 silly audit   '@typescript/typescript-linux-ppc64': [ '7.0.2' ],
1538 silly audit   '@typescript/typescript-linux-riscv64': [ '7.0.2' ],
1538 silly audit   '@typescript/typescript-linux-s390x': [ '7.0.2' ],
1538 silly audit   '@typescript/typescript-linux-x64': [ '7.0.2' ],
1538 silly audit   '@typescript/typescript-netbsd-arm64': [ '7.0.2' ],
1538 silly audit   '@typescript/typescript-netbsd-x64': [ '7.0.2' ],
1538 silly audit   '@typescript/typescript-openbsd-arm64': [ '7.0.2' ],
1538 silly audit   '@typescript/typescript-openbsd-x64': [ '7.0.2' ],
1538 silly audit   '@typescript/typescript-sunos-x64': [ '7.0.2' ],
1538 silly audit   '@typescript/typescript-win32-arm64': [ '7.0.2' ],
1538 silly audit   '@typescript/typescript-win32-x64': [ '7.0.2' ],
1538 silly audit   escalade: [ '3.2.0' ],
1538 silly audit   picomatch: [ '4.0.7' ],
1538 silly audit   postcss: [ '8.5.29' ],
1538 silly audit   rolldown: [ '1.2.13' ],
1538 silly audit   tinyglobby: [ '0.2.17' ],
1538 silly audit   nanoid: [ '3.3.20' ],
1538 silly audit   '@oxc-project/types': [ '0.153.0' ],
1538 silly audit   '@rolldown/binding-android-arm-eabi': [ '1.2.13' ],
1538 silly audit   '@rolldown/binding-android-arm64': [ '1.2.13' ],
1538 silly audit   '@rolldown/binding-darwin-arm64': [ '1.2.13' ],
1538 silly audit   '@rolldown/binding-darwin-x64': [ '1.2.13' ],
1538 silly audit   '@rolldown/binding-freebsd-x64': [ '1.2.13' ],
1538 silly audit   '@rolldown/binding-linux-arm-gnueabihf': [ '1.2.13' ],
1538 silly audit   '@rolldown/binding-linux-arm64-gnu': [ '1.2.13' ],
1538 silly audit   '@rolldown/binding-linux-arm64-musl': [ '1.2.13' ],
1538 silly audit   '@rolldown/binding-linux-ppc64-gnu': [ '1.2.13' ],
1538 silly audit   '@rolldown/binding-linux-s390x-gnu': [ '1.2.13' ],
1538 silly audit   '@rolldown/binding-linux-x64-gnu': [ '1.2.13' ],
1538 silly audit   '@rolldown/binding-linux-x64-musl': [ '1.2.13' ],
1538 silly audit   '@rolldown/binding-openharmony-arm64': [ '1.2.13' ],
1538 silly audit   '@rolldown/binding-win32-arm64-msvc': [ '1.2.13' ],
1538 silly audit   '@rolldown/binding-win32-x64-msvc': [ '1.2.13' ],
1538 silly audit   fdir: [ '6.5.0' ],
1538 silly audit   tr46: [ '5.1.1' ],
1538 silly audit   'webidl-conversions': [ '7.0.0' ],
1538 silly audit   punycode: [ '2.3.1' ],
1538 silly audit   '@types/mime': [ '1.3.5' ]
1538 silly audit }
1539 http cache @types/mime@https://registry.npmjs.org/@types/mime/-/mime-1.3.5.tgz 0ms (cache hit)
1540 http cache punycode@https://registry.npmjs.org/punycode/-/punycode-2.3.1.tgz 0ms (cache hit)
1541 http cache webidl-conversions@https://registry.npmjs.org/webidl-conversions/-/webidl-conversions-7.0.0.tgz 0ms (cache hit)
1542 http cache tr46@https://registry.npmjs.org/tr46/-/tr46-5.1.1.tgz 0ms (cache hit)
1543 http cache fdir@https://registry.npmjs.org/fdir/-/fdir-6.5.0.tgz 1ms (cache hit)
1544 http cache @rolldown/binding-android-arm64@https://registry.npmjs.org/@rolldown/binding-android-arm64/-/binding-android-arm64-1.2.13.tgz 0ms (cache hit)
1545 http cache @oxc-project/types@https://registry.npmjs.org/@oxc-project/types/-/types-0.153.0.tgz 0ms (cache hit)
1546 http cache nanoid@https://registry.npmjs.org/nanoid/-/nanoid-3.3.20.tgz 0ms (cache hit)
1547 http cache tinyglobby@https://registry.npmjs.org/tinyglobby/-/tinyglobby-0.2.17.tgz 1ms (cache hit)
1548 http cache rolldown@https://registry.npmjs.org/rolldown/-/rolldown-1.2.13.tgz 0ms (cache hit)
1549 http cache postcss@https://registry.npmjs.org/postcss/-/postcss-8.5.29.tgz 0ms (cache hit)
1550 http cache picomatch@https://registry.npmjs.org/picomatch/-/picomatch-4.0.7.tgz 0ms (cache hit)
1551 http cache escalade@https://registry.npmjs.org/escalade/-/escalade-3.2.0.tgz 0ms (cache hit)
1552 http cache media-typer@https://registry.npmjs.org/media-typer/-/media-typer-0.3.0.tgz 0ms (cache hit)
1553 http cache memory-pager@https://registry.npmjs.org/memory-pager/-/memory-pager-1.5.0.tgz 0ms (cache hit)
1554 http cache dunder-proto@https://registry.npmjs.org/dunder-proto/-/dunder-proto-1.0.1.tgz 0ms (cache hit)
1555 http cache math-intrinsics@https://registry.npmjs.org/math-intrinsics/-/math-intrinsics-1.1.0.tgz 0ms (cache hit)
1556 http cache hasown@https://registry.npmjs.org/hasown/-/hasown-2.0.4.tgz 0ms (cache hit)
1557 http cache has-symbols@https://registry.npmjs.org/has-symbols/-/has-symbols-1.1.0.tgz 0ms (cache hit)
1558 http cache gopd@https://registry.npmjs.org/gopd/-/gopd-1.2.0.tgz 0ms (cache hit)
1559 http cache get-proto@https://registry.npmjs.org/get-proto/-/get-proto-1.0.1.tgz 0ms (cache hit)
1560 http cache es-object-atoms@https://registry.npmjs.org/es-object-atoms/-/es-object-atoms-1.1.2.tgz 0ms (cache hit)
1561 http cache function-bind@https://registry.npmjs.org/function-bind/-/function-bind-1.1.2.tgz 0ms (cache hit)
1562 http cache call-bind-apply-helpers@https://registry.npmjs.org/call-bind-apply-helpers/-/call-bind-apply-helpers-1.0.2.tgz 0ms (cache hit)
1563 http cache get-intrinsic@https://registry.npmjs.org/get-intrinsic/-/get-intrinsic-1.3.0.tgz 0ms (cache hit)
1564 http cache call-bound@https://registry.npmjs.org/call-bound/-/call-bound-1.0.4.tgz 0ms (cache hit)
1565 http cache side-channel-weakmap@https://registry.npmjs.org/side-channel-weakmap/-/side-channel-weakmap-1.0.2.tgz 0ms (cache hit)
1566 http cache side-channel-map@https://registry.npmjs.org/side-channel-map/-/side-channel-map-1.0.1.tgz 0ms (cache hit)
1567 http cache side-channel-list@https://registry.npmjs.org/side-channel-list/-/side-channel-list-1.0.1.tgz 0ms (cache hit)
1568 http cache object-inspect@https://registry.npmjs.org/object-inspect/-/object-inspect-1.13.4.tgz 0ms (cache hit)
1569 http cache es-errors@https://registry.npmjs.org/es-errors/-/es-errors-1.3.0.tgz 0ms (cache hit)
1570 http cache mime@https://registry.npmjs.org/mime/-/mime-1.6.0.tgz 0ms (cache hit)
1571 http cache scheduler@https://registry.npmjs.org/scheduler/-/scheduler-0.28.0.tgz 0ms (cache hit)
1572 http cache side-channel@https://registry.npmjs.org/side-channel/-/side-channel-1.1.1.tgz 0ms (cache hit)
1573 http cache es-define-property@https://registry.npmjs.org/es-define-property/-/es-define-property-1.0.1.tgz 0ms (cache hit)
1574 http cache ipaddr.js@https://registry.npmjs.org/ipaddr.js/-/ipaddr.js-1.9.1.tgz 0ms (cache hit)
1575 http cache forwarded@https://registry.npmjs.org/forwarded/-/forwarded-0.2.0.tgz 0ms (cache hit)
1576 http cache long@https://registry.npmjs.org/long/-/long-5.3.2.tgz 0ms (cache hit)
1577 http cache @protobufjs/utf8@https://registry.npmjs.org/@protobufjs/utf8/-/utf8-1.1.2.tgz 0ms (cache hit)
1578 http cache @protobufjs/pool@https://registry.npmjs.org/@protobufjs/pool/-/pool-1.1.0.tgz 0ms (cache hit)
1579 http cache @protobufjs/path@https://registry.npmjs.org/@protobufjs/path/-/path-1.1.2.tgz 0ms (cache hit)
1580 http cache @protobufjs/float@https://registry.npmjs.org/@protobufjs/float/-/float-1.0.2.tgz 0ms (cache hit)
1581 http cache @protobufjs/fetch@https://registry.npmjs.org/@protobufjs/fetch/-/fetch-1.1.1.tgz 0ms (cache hit)
1582 http cache @protobufjs/eventemitter@https://registry.npmjs.org/@protobufjs/eventemitter/-/eventemitter-1.1.1.tgz 0ms (cache hit)
1583 http cache @protobufjs/codegen@https://registry.npmjs.org/@protobufjs/codegen/-/codegen-2.0.5.tgz 0ms (cache hit)
1584 http cache @protobufjs/base64@https://registry.npmjs.org/@protobufjs/base64/-/base64-1.1.2.tgz 0ms (cache hit)
1585 http cache @protobufjs/aspromise@https://registry.npmjs.org/@protobufjs/aspromise/-/aspromise-1.1.2.tgz 0ms (cache hit)
1586 http cache retry@https://registry.npmjs.org/retry/-/retry-0.13.1.tgz 0ms (cache hit)
1587 http cache @types/retry@https://registry.npmjs.org/@types/retry/-/retry-0.12.0.tgz 0ms (cache hit)
1588 http cache ee-first@https://registry.npmjs.org/ee-first/-/ee-first-1.1.1.tgz 0ms (cache hit)
1589 http cache web-streams-polyfill@https://registry.npmjs.org/web-streams-polyfill/-/web-streams-polyfill-3.3.3.tgz 0ms (cache hit)
1590 http cache node-domexception@https://registry.npmjs.org/node-domexception/-/node-domexception-1.0.0.tgz 0ms (cache hit)
1591 http cache formdata-polyfill@https://registry.npmjs.org/formdata-polyfill/-/formdata-polyfill-4.0.10.tgz 0ms (cache hit)
1592 http cache fetch-blob@https://registry.npmjs.org/fetch-blob/-/fetch-blob-3.2.0.tgz 0ms (cache hit)
1593 http cache data-uri-to-buffer@https://registry.npmjs.org/data-uri-to-buffer/-/data-uri-to-buffer-4.0.1.tgz 0ms (cache hit)
1594 http cache motion-utils@https://registry.npmjs.org/motion-utils/-/motion-utils-12.39.0.tgz 0ms (cache hit)
1595 http cache motion-dom@https://registry.npmjs.org/motion-dom/-/motion-dom-12.43.0.tgz 0ms (cache hit)
1596 http cache tslib@https://registry.npmjs.org/tslib/-/tslib-2.8.1.tgz 0ms (cache hit)
1597 http cache framer-motion@https://registry.npmjs.org/framer-motion/-/framer-motion-12.43.0.tgz 0ms (cache hit)
1598 http cache @types/webidl-conversions@https://registry.npmjs.org/@types/webidl-conversions/-/webidl-conversions-7.0.3.tgz 0ms (cache hit)
1599 http cache whatwg-url@https://registry.npmjs.org/whatwg-url/-/whatwg-url-14.2.0.tgz 0ms (cache hit)
1600 http cache @types/whatwg-url@https://registry.npmjs.org/@types/whatwg-url/-/whatwg-url-13.0.0.tgz 0ms (cache hit)
1601 http cache sparse-bitfield@https://registry.npmjs.org/sparse-bitfield/-/sparse-bitfield-3.0.3.tgz 0ms (cache hit)
1602 http cache mongodb-connection-string-url@https://registry.npmjs.org/mongodb-connection-string-url/-/mongodb-connection-string-url-7.0.2.tgz 0ms (cache hit)
1603 http cache bson@https://registry.npmjs.org/bson/-/bson-7.3.3.tgz 0ms (cache hit)
1604 http cache @mongodb-js/saslprep@https://registry.npmjs.org/@mongodb-js/saslprep/-/saslprep-1.6.0.tgz 0ms (cache hit)
1605 http cache mime-db@https://registry.npmjs.org/mime-db/-/mime-db-1.52.0.tgz 0ms (cache hit)
1606 http cache lightningcss-android-arm64@https://registry.npmjs.org/lightningcss-android-arm64/-/lightningcss-android-arm64-1.32.0.tgz 0ms (cache hit)
1607 http cache detect-libc@https://registry.npmjs.org/detect-libc/-/detect-libc-2.1.2.tgz 0ms (cache hit)
1608 http cache buffer-equal-constant-time@https://registry.npmjs.org/buffer-equal-constant-time/-/buffer-equal-constant-time-1.0.1.tgz 0ms (cache hit)
1609 http cache jwa@https://registry.npmjs.org/jwa/-/jwa-2.0.1.tgz 0ms (cache hit)
1610 http cache bignumber.js@https://registry.npmjs.org/bignumber.js/-/bignumber.js-9.3.1.tgz 0ms (cache hit)
1611 http cache safer-buffer@https://registry.npmjs.org/safer-buffer/-/safer-buffer-2.1.2.tgz 0ms (cache hit)
1612 http cache agent-base@https://registry.npmjs.org/agent-base/-/agent-base-7.1.4.tgz 0ms (cache hit)
1613 http cache toidentifier@https://registry.npmjs.org/toidentifier/-/toidentifier-1.0.1.tgz 0ms (cache hit)
1614 http cache inherits@https://registry.npmjs.org/inherits/-/inherits-2.0.4.tgz 1ms (cache hit)
1615 http cache json-bigint@https://registry.npmjs.org/json-bigint/-/json-bigint-1.0.0.tgz 0ms (cache hit)
1616 http cache node-fetch@https://registry.npmjs.org/node-fetch/-/node-fetch-3.3.2.tgz 0ms (cache hit)
1617 http cache https-proxy-agent@https://registry.npmjs.org/https-proxy-agent/-/https-proxy-agent-7.0.6.tgz 0ms (cache hit)
1618 http cache extend@https://registry.npmjs.org/extend/-/extend-3.0.2.tgz 0ms (cache hit)
1619 http cache jws@https://registry.npmjs.org/jws/-/jws-4.0.1.tgz 0ms (cache hit)
1620 http cache google-logging-utils@https://registry.npmjs.org/google-logging-utils/-/google-logging-utils-1.1.3.tgz 0ms (cache hit)
1621 http cache gcp-metadata@https://registry.npmjs.org/gcp-metadata/-/gcp-metadata-8.1.2.tgz 0ms (cache hit)
1622 http cache gaxios@https://registry.npmjs.org/gaxios/-/gaxios-7.3.1.tgz 0ms (cache hit)
1623 http cache ecdsa-sig-formatter@https://registry.npmjs.org/ecdsa-sig-formatter/-/ecdsa-sig-formatter-1.0.11.tgz 0ms (cache hit)
1624 http cache base64-js@https://registry.npmjs.org/base64-js/-/base64-js-1.5.1.tgz 0ms (cache hit)
1625 http cache ms@https://registry.npmjs.org/ms/-/ms-2.0.0.tgz 0ms (cache hit)
1626 http cache unpipe@https://registry.npmjs.org/unpipe/-/unpipe-1.0.0.tgz 0ms (cache hit)
1627 http cache raw-body@https://registry.npmjs.org/raw-body/-/raw-body-2.5.3.tgz 0ms (cache hit)
1628 http cache iconv-lite@https://registry.npmjs.org/iconv-lite/-/iconv-lite-0.4.24.tgz 0ms (cache hit)
1629 http cache destroy@https://registry.npmjs.org/destroy/-/destroy-1.2.0.tgz 0ms (cache hit)
1630 http cache bytes@https://registry.npmjs.org/bytes/-/bytes-3.1.2.tgz 0ms (cache hit)
1631 http cache negotiator@https://registry.npmjs.org/negotiator/-/negotiator-0.6.3.tgz 0ms (cache hit)
1632 http cache mime-types@https://registry.npmjs.org/mime-types/-/mime-types-2.1.35.tgz 0ms (cache hit)
1633 http cache vary@https://registry.npmjs.org/vary/-/vary-1.1.2.tgz 0ms (cache hit)
1634 http cache utils-merge@https://registry.npmjs.org/utils-merge/-/utils-merge-1.0.1.tgz 0ms (cache hit)
1635 http cache type-is@https://registry.npmjs.org/type-is/-/type-is-1.6.18.tgz 0ms (cache hit)
1636 http cache statuses@https://registry.npmjs.org/statuses/-/statuses-2.0.2.tgz 0ms (cache hit)
1637 http cache setprototypeof@https://registry.npmjs.org/setprototypeof/-/setprototypeof-1.2.0.tgz 0ms (cache hit)
1638 http cache serve-static@https://registry.npmjs.org/serve-static/-/serve-static-1.16.3.tgz 0ms (cache hit)
1639 http cache send@https://registry.npmjs.org/send/-/send-0.19.2.tgz 0ms (cache hit)
1640 http cache safe-buffer@https://registry.npmjs.org/safe-buffer/-/safe-buffer-5.2.1.tgz 0ms (cache hit)
1641 http cache range-parser@https://registry.npmjs.org/range-parser/-/range-parser-1.2.1.tgz 0ms (cache hit)
1642 http cache qs@https://registry.npmjs.org/qs/-/qs-6.16.0.tgz 0ms (cache hit)
1643 http cache proxy-addr@https://registry.npmjs.org/proxy-addr/-/proxy-addr-2.0.8.tgz 0ms (cache hit)
1644 http cache path-to-regexp@https://registry.npmjs.org/path-to-regexp/-/path-to-regexp-0.1.13.tgz 0ms (cache hit)
1645 http cache parseurl@https://registry.npmjs.org/parseurl/-/parseurl-1.3.3.tgz 0ms (cache hit)
1646 http cache on-finished@https://registry.npmjs.org/on-finished/-/on-finished-2.4.1.tgz 0ms (cache hit)
1647 http cache methods@https://registry.npmjs.org/methods/-/methods-1.1.2.tgz 0ms (cache hit)
1648 http cache merge-descriptors@https://registry.npmjs.org/merge-descriptors/-/merge-descriptors-1.0.3.tgz 0ms (cache hit)
1649 http cache http-errors@https://registry.npmjs.org/http-errors/-/http-errors-2.0.1.tgz 0ms (cache hit)
1650 http cache fresh@https://registry.npmjs.org/fresh/-/fresh-0.5.2.tgz 0ms (cache hit)
1651 http cache finalhandler@https://registry.npmjs.org/finalhandler/-/finalhandler-1.3.2.tgz 0ms (cache hit)
1652 http cache etag@https://registry.npmjs.org/etag/-/etag-1.8.1.tgz 0ms (cache hit)
1653 http cache escape-html@https://registry.npmjs.org/escape-html/-/escape-html-1.0.3.tgz 0ms (cache hit)
1654 http cache encodeurl@https://registry.npmjs.org/encodeurl/-/encodeurl-2.0.0.tgz 0ms (cache hit)
1655 http cache depd@https://registry.npmjs.org/depd/-/depd-2.0.0.tgz 0ms (cache hit)
1656 http cache debug@https://registry.npmjs.org/debug/-/debug-2.6.9.tgz 0ms (cache hit)
1657 http cache cookie-signature@https://registry.npmjs.org/cookie-signature/-/cookie-signature-1.0.7.tgz 0ms (cache hit)
1658 http cache cookie@https://registry.npmjs.org/cookie/-/cookie-0.7.2.tgz 0ms (cache hit)
1659 http cache content-type@https://registry.npmjs.org/content-type/-/content-type-1.0.5.tgz 0ms (cache hit)
1660 http cache content-disposition@https://registry.npmjs.org/content-disposition/-/content-disposition-0.5.4.tgz 0ms (cache hit)
1661 http cache body-parser@https://registry.npmjs.org/body-parser/-/body-parser-1.20.8.tgz 0ms (cache hit)
1662 http cache array-flatten@https://registry.npmjs.org/array-flatten/-/array-flatten-1.1.1.tgz 0ms (cache hit)
1663 http cache accepts@https://registry.npmjs.org/accepts/-/accepts-1.3.8.tgz 0ms (cache hit)
1664 http cache @esbuild/android-arm64@https://registry.npmjs.org/@esbuild/android-arm64/-/android-arm64-0.25.12.tgz 0ms (cache hit)
1665 http cache tapable@https://registry.npmjs.org/tapable/-/tapable-2.3.3.tgz 0ms (cache hit)
1666 http cache graceful-fs@https://registry.npmjs.org/graceful-fs/-/graceful-fs-4.2.11.tgz 0ms (cache hit)
1667 http cache update-browserslist-db@https://registry.npmjs.org/update-browserslist-db/-/update-browserslist-db-1.3.4.tgz 0ms (cache hit)
1668 http cache node-releases@https://registry.npmjs.org/node-releases/-/node-releases-2.0.58.tgz 0ms (cache hit)
1669 http cache electron-to-chromium@https://registry.npmjs.org/electron-to-chromium/-/electron-to-chromium-1.5.452.tgz 0ms (cache hit)
1670 http cache baseline-browser-mapping@https://registry.npmjs.org/baseline-browser-mapping/-/baseline-browser-mapping-2.11.28.tgz 0ms (cache hit)
1671 http cache postcss-value-parser@https://registry.npmjs.org/postcss-value-parser/-/postcss-value-parser-4.2.0.tgz 0ms (cache hit)
1672 http cache picocolors@https://registry.npmjs.org/picocolors/-/picocolors-1.1.1.tgz 0ms (cache hit)
1673 http cache fraction.js@https://registry.npmjs.org/fraction.js/-/fraction.js-5.3.4.tgz 0ms (cache hit)
1674 http cache caniuse-lite@https://registry.npmjs.org/caniuse-lite/-/caniuse-lite-1.0.30001815.tgz 1ms (cache hit)
1675 http cache browserslist@https://registry.npmjs.org/browserslist/-/browserslist-4.29.3.tgz 0ms (cache hit)
1676 http cache @rolldown/pluginutils@https://registry.npmjs.org/@rolldown/pluginutils/-/pluginutils-1.0.1.tgz 0ms (cache hit)
1677 http cache @types/http-errors@https://registry.npmjs.org/@types/http-errors/-/http-errors-2.0.5.tgz 0ms (cache hit)
1678 http cache csstype@https://registry.npmjs.org/csstype/-/csstype-3.2.3.tgz 0ms (cache hit)
1679 http cache undici-types@https://registry.npmjs.org/undici-types/-/undici-types-6.21.0.tgz 0ms (cache hit)
1680 http cache @types/send@https://registry.npmjs.org/@types/send/-/send-1.2.1.tgz 0ms (cache hit)
1681 http cache @types/range-parser@https://registry.npmjs.org/@types/range-parser/-/range-parser-1.2.7.tgz 0ms (cache hit)
1682 http cache @types/connect@https://registry.npmjs.org/@types/connect/-/connect-3.4.38.tgz 0ms (cache hit)
1683 http cache @types/serve-static@https://registry.npmjs.org/@types/serve-static/-/serve-static-1.15.10.tgz 0ms (cache hit)
1684 http cache @types/qs@https://registry.npmjs.org/@types/qs/-/qs-6.15.1.tgz 0ms (cache hit)
1685 http cache @types/express-serve-static-core@https://registry.npmjs.org/@types/express-serve-static-core/-/express-serve-static-core-4.19.9.tgz 0ms (cache hit)
1686 http cache @types/body-parser@https://registry.npmjs.org/@types/body-parser/-/body-parser-1.19.6.tgz 0ms (cache hit)
1687 http cache @tailwindcss/oxide-android-arm64@https://registry.npmjs.org/@tailwindcss/oxide-android-arm64/-/oxide-android-arm64-4.3.3.tgz 0ms (cache hit)
1688 http cache @jridgewell/resolve-uri@https://registry.npmjs.org/@jridgewell/resolve-uri/-/resolve-uri-3.1.2.tgz 0ms (cache hit)
1689 http cache @jridgewell/sourcemap-codec@https://registry.npmjs.org/@jridgewell/sourcemap-codec/-/sourcemap-codec-1.6.0.tgz 0ms (cache hit)
1690 http cache @jridgewell/trace-mapping@https://registry.npmjs.org/@jridgewell/trace-mapping/-/trace-mapping-0.3.31.tgz 0ms (cache hit)
1691 http cache @jridgewell/gen-mapping@https://registry.npmjs.org/@jridgewell/gen-mapping/-/gen-mapping-0.3.13.tgz 1ms (cache hit)
1692 http cache source-map-js@https://registry.npmjs.org/source-map-js/-/source-map-js-1.2.2.tgz 0ms (cache hit)
1693 http cache magic-string@https://registry.npmjs.org/magic-string/-/magic-string-0.30.21.tgz 0ms (cache hit)
1694 http cache lightningcss@https://registry.npmjs.org/lightningcss/-/lightningcss-1.32.0.tgz 0ms (cache hit)
1695 http cache jiti@https://registry.npmjs.org/jiti/-/jiti-2.7.0.tgz 0ms (cache hit)
1696 http cache enhanced-resolve@https://registry.npmjs.org/enhanced-resolve/-/enhanced-resolve-5.26.0.tgz 0ms (cache hit)
1697 http cache @jridgewell/remapping@https://registry.npmjs.org/@jridgewell/remapping/-/remapping-2.3.5.tgz 0ms (cache hit)
1698 http cache @tailwindcss/oxide@https://registry.npmjs.org/@tailwindcss/oxide/-/oxide-4.3.3.tgz 0ms (cache hit)
1699 http cache @tailwindcss/node@https://registry.npmjs.org/@tailwindcss/node/-/node-4.3.3.tgz 0ms (cache hit)
1700 http cache ws@https://registry.npmjs.org/ws/-/ws-8.22.0.tgz 0ms (cache hit)
1701 http cache protobufjs@https://registry.npmjs.org/protobufjs/-/protobufjs-7.6.6.tgz 0ms (cache hit)
1702 http cache p-retry@https://registry.npmjs.org/p-retry/-/p-retry-4.6.2.tgz 0ms (cache hit)
1703 http cache google-auth-library@https://registry.npmjs.org/google-auth-library/-/google-auth-library-10.9.1.tgz 0ms (cache hit)
1704 http cache vite@https://registry.npmjs.org/vite/-/vite-8.3.4.tgz 0ms (cache hit)
1705 http cache typescript@https://registry.npmjs.org/typescript/-/typescript-7.0.2.tgz 0ms (cache hit)
1706 http cache tsx@https://registry.npmjs.org/tsx/-/tsx-4.23.15.tgz 0ms (cache hit)
1707 http cache tailwindcss@https://registry.npmjs.org/tailwindcss/-/tailwindcss-4.3.3.tgz 0ms (cache hit)
1708 http cache react-dom@https://registry.npmjs.org/react-dom/-/react-dom-19.3.0.tgz 0ms (cache hit)
1709 http cache react@https://registry.npmjs.org/react/-/react-19.3.0.tgz 0ms (cache hit)
1710 http cache nodemailer@https://registry.npmjs.org/nodemailer/-/nodemailer-10.0.16.tgz 0ms (cache hit)
1711 http cache motion@https://registry.npmjs.org/motion/-/motion-12.43.0.tgz 0ms (cache hit)
1712 http cache mongodb@https://registry.npmjs.org/mongodb/-/mongodb-7.7.0.tgz 0ms (cache hit)
1713 http cache lucide-react@https://registry.npmjs.org/lucide-react/-/lucide-react-0.546.0.tgz 0ms (cache hit)
1714 http cache express@https://registry.npmjs.org/express/-/express-4.22.3.tgz 0ms (cache hit)
1715 http cache esbuild@https://registry.npmjs.org/esbuild/-/esbuild-0.25.12.tgz 0ms (cache hit)
1716 http cache dotenv@https://registry.npmjs.org/dotenv/-/dotenv-17.4.2.tgz 0ms (cache hit)
1717 http cache autoprefixer@https://registry.npmjs.org/autoprefixer/-/autoprefixer-10.6.1.tgz 0ms (cache hit)
1718 http cache @vitejs/plugin-react@https://registry.npmjs.org/@vitejs/plugin-react/-/plugin-react-6.1.2.tgz 0ms (cache hit)
1719 http cache @types/react-dom@https://registry.npmjs.org/@types/react-dom/-/react-dom-19.3.0.tgz 0ms (cache hit)
1720 http cache @types/react@https://registry.npmjs.org/@types/react/-/react-19.3.0.tgz 0ms (cache hit)
1721 http cache @types/nodemailer@https://registry.npmjs.org/@types/nodemailer/-/nodemailer-8.0.2.tgz 0ms (cache hit)
1722 http cache @types/node@https://registry.npmjs.org/@types/node/-/node-22.20.5.tgz 0ms (cache hit)
1723 http cache @types/express@https://registry.npmjs.org/@types/express/-/express-4.17.25.tgz 0ms (cache hit)
1724 http cache @tailwindcss/vite@https://registry.npmjs.org/@tailwindcss/vite/-/vite-4.3.3.tgz 0ms (cache hit)
1725 http cache @google/genai@https://registry.npmjs.org/@google/genai/-/genai-2.28.0.tgz 0ms (cache hit)
1726 http cache ms@https://registry.npmjs.org/ms/-/ms-2.1.3.tgz 0ms (cache hit)
1727 http cache debug@https://registry.npmjs.org/debug/-/debug-4.4.3.tgz 0ms (cache hit)
1728 http cache ms@https://registry.npmjs.org/ms/-/ms-2.1.3.tgz 0ms (cache hit)
1729 http cache @types/send@https://registry.npmjs.org/@types/send/-/send-0.17.6.tgz 0ms (cache hit)
1730 http cache lightningcss-android-arm64@https://registry.npmjs.org/lightningcss-android-arm64/-/lightningcss-android-arm64-1.33.0.tgz 0ms (cache hit)
1731 http cache lightningcss@https://registry.npmjs.org/lightningcss/-/lightningcss-1.33.0.tgz 0ms (cache hit)
1732 http cache @esbuild/android-arm64@https://registry.npmjs.org/@esbuild/android-arm64/-/android-arm64-0.28.2.tgz 0ms (cache hit)
1733 http cache esbuild@https://registry.npmjs.org/esbuild/-/esbuild-0.28.2.tgz 0ms (cache hit)
1734 silly tarball no local data for @types/mime@https://registry.npmjs.org/@types/mime/-/mime-1.3.5.tgz. Extracting by manifest.
1735 silly tarball no local data for punycode@https://registry.npmjs.org/punycode/-/punycode-2.3.1.tgz. Extracting by manifest.
1736 silly tarball no local data for webidl-conversions@https://registry.npmjs.org/webidl-conversions/-/webidl-conversions-7.0.0.tgz. Extracting by manifest.
1737 silly tarball no local data for tr46@https://registry.npmjs.org/tr46/-/tr46-5.1.1.tgz. Extracting by manifest.
1738 silly tarball no local data for fdir@https://registry.npmjs.org/fdir/-/fdir-6.5.0.tgz. Extracting by manifest.
1739 silly tarball no local data for @rolldown/binding-android-arm64@https://registry.npmjs.org/@rolldown/binding-android-arm64/-/binding-android-arm64-1.2.13.tgz. Extracting by manifest.
1740 silly tarball no local data for @oxc-project/types@https://registry.npmjs.org/@oxc-project/types/-/types-0.153.0.tgz. Extracting by manifest.
1741 silly tarball no local data for nanoid@https://registry.npmjs.org/nanoid/-/nanoid-3.3.20.tgz. Extracting by manifest.
1742 silly tarball no local data for tinyglobby@https://registry.npmjs.org/tinyglobby/-/tinyglobby-0.2.17.tgz. Extracting by manifest.
1743 silly tarball no local data for rolldown@https://registry.npmjs.org/rolldown/-/rolldown-1.2.13.tgz. Extracting by manifest.
1744 silly tarball no local data for postcss@https://registry.npmjs.org/postcss/-/postcss-8.5.29.tgz. Extracting by manifest.
1745 silly tarball no local data for picomatch@https://registry.npmjs.org/picomatch/-/picomatch-4.0.7.tgz. Extracting by manifest.
1746 silly tarball no local data for escalade@https://registry.npmjs.org/escalade/-/escalade-3.2.0.tgz. Extracting by manifest.
1747 silly tarball no local data for media-typer@https://registry.npmjs.org/media-typer/-/media-typer-0.3.0.tgz. Extracting by manifest.
1748 silly tarball no local data for memory-pager@https://registry.npmjs.org/memory-pager/-/memory-pager-1.5.0.tgz. Extracting by manifest.
1749 silly tarball no local data for dunder-proto@https://registry.npmjs.org/dunder-proto/-/dunder-proto-1.0.1.tgz. Extracting by manifest.
1750 silly tarball no local data for math-intrinsics@https://registry.npmjs.org/math-intrinsics/-/math-intrinsics-1.1.0.tgz. Extracting by manifest.
1751 silly tarball no local data for hasown@https://registry.npmjs.org/hasown/-/hasown-2.0.4.tgz. Extracting by manifest.
1752 silly tarball no local data for has-symbols@https://registry.npmjs.org/has-symbols/-/has-symbols-1.1.0.tgz. Extracting by manifest.
1753 silly tarball no local data for gopd@https://registry.npmjs.org/gopd/-/gopd-1.2.0.tgz. Extracting by manifest.
1754 silly tarball no local data for get-proto@https://registry.npmjs.org/get-proto/-/get-proto-1.0.1.tgz. Extracting by manifest.
1755 silly tarball no local data for es-object-atoms@https://registry.npmjs.org/es-object-atoms/-/es-object-atoms-1.1.2.tgz. Extracting by manifest.
1756 silly tarball no local data for function-bind@https://registry.npmjs.org/function-bind/-/function-bind-1.1.2.tgz. Extracting by manifest.
1757 silly tarball no local data for call-bind-apply-helpers@https://registry.npmjs.org/call-bind-apply-helpers/-/call-bind-apply-helpers-1.0.2.tgz. Extracting by manifest.
1758 silly tarball no local data for get-intrinsic@https://registry.npmjs.org/get-intrinsic/-/get-intrinsic-1.3.0.tgz. Extracting by manifest.
1759 silly tarball no local data for call-bound@https://registry.npmjs.org/call-bound/-/call-bound-1.0.4.tgz. Extracting by manifest.
1760 silly tarball no local data for side-channel-weakmap@https://registry.npmjs.org/side-channel-weakmap/-/side-channel-weakmap-1.0.2.tgz. Extracting by manifest.
1761 silly tarball no local data for side-channel-map@https://registry.npmjs.org/side-channel-map/-/side-channel-map-1.0.1.tgz. Extracting by manifest.
1762 silly tarball no local data for side-channel-list@https://registry.npmjs.org/side-channel-list/-/side-channel-list-1.0.1.tgz. Extracting by manifest.
1763 silly tarball no local data for object-inspect@https://registry.npmjs.org/object-inspect/-/object-inspect-1.13.4.tgz. Extracting by manifest.
1764 silly tarball no local data for es-errors@https://registry.npmjs.org/es-errors/-/es-errors-1.3.0.tgz. Extracting by manifest.
1765 silly tarball no local data for mime@https://registry.npmjs.org/mime/-/mime-1.6.0.tgz. Extracting by manifest.
1766 silly tarball no local data for scheduler@https://registry.npmjs.org/scheduler/-/scheduler-0.28.0.tgz. Extracting by manifest.
1767 silly tarball no local data for side-channel@https://registry.npmjs.org/side-channel/-/side-channel-1.1.1.tgz. Extracting by manifest.
1768 silly tarball no local data for es-define-property@https://registry.npmjs.org/es-define-property/-/es-define-property-1.0.1.tgz. Extracting by manifest.
1769 silly tarball no local data for ipaddr.js@https://registry.npmjs.org/ipaddr.js/-/ipaddr.js-1.9.1.tgz. Extracting by manifest.
1770 silly tarball no local data for forwarded@https://registry.npmjs.org/forwarded/-/forwarded-0.2.0.tgz. Extracting by manifest.
1771 silly tarball no local data for long@https://registry.npmjs.org/long/-/long-5.3.2.tgz. Extracting by manifest.
1772 silly tarball no local data for @protobufjs/utf8@https://registry.npmjs.org/@protobufjs/utf8/-/utf8-1.1.2.tgz. Extracting by manifest.
1773 silly tarball no local data for @protobufjs/pool@https://registry.npmjs.org/@protobufjs/pool/-/pool-1.1.0.tgz. Extracting by manifest.
1774 silly tarball no local data for @protobufjs/path@https://registry.npmjs.org/@protobufjs/path/-/path-1.1.2.tgz. Extracting by manifest.
1775 silly tarball no local data for @protobufjs/float@https://registry.npmjs.org/@protobufjs/float/-/float-1.0.2.tgz. Extracting by manifest.
1776 silly tarball no local data for @protobufjs/fetch@https://registry.npmjs.org/@protobufjs/fetch/-/fetch-1.1.1.tgz. Extracting by manifest.
1777 silly tarball no local data for @protobufjs/eventemitter@https://registry.npmjs.org/@protobufjs/eventemitter/-/eventemitter-1.1.1.tgz. Extracting by manifest.
1778 silly tarball no local data for @protobufjs/codegen@https://registry.npmjs.org/@protobufjs/codegen/-/codegen-2.0.5.tgz. Extracting by manifest.
1779 silly tarball no local data for @protobufjs/base64@https://registry.npmjs.org/@protobufjs/base64/-/base64-1.1.2.tgz. Extracting by manifest.
1780 silly tarball no local data for @protobufjs/aspromise@https://registry.npmjs.org/@protobufjs/aspromise/-/aspromise-1.1.2.tgz. Extracting by manifest.
1781 silly tarball no local data for retry@https://registry.npmjs.org/retry/-/retry-0.13.1.tgz. Extracting by manifest.
1782 silly tarball no local data for @types/retry@https://registry.npmjs.org/@types/retry/-/retry-0.12.0.tgz. Extracting by manifest.
1783 silly tarball no local data for ee-first@https://registry.npmjs.org/ee-first/-/ee-first-1.1.1.tgz. Extracting by manifest.
1784 silly tarball no local data for web-streams-polyfill@https://registry.npmjs.org/web-streams-polyfill/-/web-streams-polyfill-3.3.3.tgz. Extracting by manifest.
1785 silly tarball no local data for node-domexception@https://registry.npmjs.org/node-domexception/-/node-domexception-1.0.0.tgz. Extracting by manifest.
1786 silly tarball no local data for formdata-polyfill@https://registry.npmjs.org/formdata-polyfill/-/formdata-polyfill-4.0.10.tgz. Extracting by manifest.
1787 silly tarball no local data for fetch-blob@https://registry.npmjs.org/fetch-blob/-/fetch-blob-3.2.0.tgz. Extracting by manifest.
1788 silly tarball no local data for data-uri-to-buffer@https://registry.npmjs.org/data-uri-to-buffer/-/data-uri-to-buffer-4.0.1.tgz. Extracting by manifest.
1789 silly tarball no local data for motion-utils@https://registry.npmjs.org/motion-utils/-/motion-utils-12.39.0.tgz. Extracting by manifest.
1790 silly tarball no local data for motion-dom@https://registry.npmjs.org/motion-dom/-/motion-dom-12.43.0.tgz. Extracting by manifest.
1791 silly tarball no local data for tslib@https://registry.npmjs.org/tslib/-/tslib-2.8.1.tgz. Extracting by manifest.
1792 silly tarball no local data for framer-motion@https://registry.npmjs.org/framer-motion/-/framer-motion-12.43.0.tgz. Extracting by manifest.
1793 silly tarball no local data for @types/webidl-conversions@https://registry.npmjs.org/@types/webidl-conversions/-/webidl-conversions-7.0.3.tgz. Extracting by manifest.
1794 silly tarball no local data for whatwg-url@https://registry.npmjs.org/whatwg-url/-/whatwg-url-14.2.0.tgz. Extracting by manifest.
1795 silly tarball no local data for @types/whatwg-url@https://registry.npmjs.org/@types/whatwg-url/-/whatwg-url-13.0.0.tgz. Extracting by manifest.
1796 silly tarball no local data for sparse-bitfield@https://registry.npmjs.org/sparse-bitfield/-/sparse-bitfield-3.0.3.tgz. Extracting by manifest.
1797 silly tarball no local data for mongodb-connection-string-url@https://registry.npmjs.org/mongodb-connection-string-url/-/mongodb-connection-string-url-7.0.2.tgz. Extracting by manifest.
1798 silly tarball no local data for bson@https://registry.npmjs.org/bson/-/bson-7.3.3.tgz. Extracting by manifest.
1799 silly tarball no local data for @mongodb-js/saslprep@https://registry.npmjs.org/@mongodb-js/saslprep/-/saslprep-1.6.0.tgz. Extracting by manifest.
1800 silly tarball no local data for mime-db@https://registry.npmjs.org/mime-db/-/mime-db-1.52.0.tgz. Extracting by manifest.
1801 silly tarball no local data for lightningcss-android-arm64@https://registry.npmjs.org/lightningcss-android-arm64/-/lightningcss-android-arm64-1.32.0.tgz. Extracting by manifest.
1802 silly tarball no local data for detect-libc@https://registry.npmjs.org/detect-libc/-/detect-libc-2.1.2.tgz. Extracting by manifest.
1803 silly tarball no local data for buffer-equal-constant-time@https://registry.npmjs.org/buffer-equal-constant-time/-/buffer-equal-constant-time-1.0.1.tgz. Extracting by manifest.
1804 silly tarball no local data for jwa@https://registry.npmjs.org/jwa/-/jwa-2.0.1.tgz. Extracting by manifest.
1805 silly tarball no local data for bignumber.js@https://registry.npmjs.org/bignumber.js/-/bignumber.js-9.3.1.tgz. Extracting by manifest.
1806 silly tarball no local data for safer-buffer@https://registry.npmjs.org/safer-buffer/-/safer-buffer-2.1.2.tgz. Extracting by manifest.
1807 silly tarball no local data for agent-base@https://registry.npmjs.org/agent-base/-/agent-base-7.1.4.tgz. Extracting by manifest.
1808 silly tarball no local data for toidentifier@https://registry.npmjs.org/toidentifier/-/toidentifier-1.0.1.tgz. Extracting by manifest.
1809 silly tarball no local data for inherits@https://registry.npmjs.org/inherits/-/inherits-2.0.4.tgz. Extracting by manifest.
1810 silly tarball no local data for json-bigint@https://registry.npmjs.org/json-bigint/-/json-bigint-1.0.0.tgz. Extracting by manifest.
1811 silly tarball no local data for node-fetch@https://registry.npmjs.org/node-fetch/-/node-fetch-3.3.2.tgz. Extracting by manifest.
1812 silly tarball no local data for https-proxy-agent@https://registry.npmjs.org/https-proxy-agent/-/https-proxy-agent-7.0.6.tgz. Extracting by manifest.
1813 silly tarball no local data for extend@https://registry.npmjs.org/extend/-/extend-3.0.2.tgz. Extracting by manifest.
1814 silly tarball no local data for jws@https://registry.npmjs.org/jws/-/jws-4.0.1.tgz. Extracting by manifest.
1815 silly tarball no local data for google-logging-utils@https://registry.npmjs.org/google-logging-utils/-/google-logging-utils-1.1.3.tgz. Extracting by manifest.
1816 silly tarball no local data for gcp-metadata@https://registry.npmjs.org/gcp-metadata/-/gcp-metadata-8.1.2.tgz. Extracting by manifest.
1817 silly tarball no local data for gaxios@https://registry.npmjs.org/gaxios/-/gaxios-7.3.1.tgz. Extracting by manifest.
1818 silly tarball no local data for ecdsa-sig-formatter@https://registry.npmjs.org/ecdsa-sig-formatter/-/ecdsa-sig-formatter-1.0.11.tgz. Extracting by manifest.
1819 silly tarball no local data for base64-js@https://registry.npmjs.org/base64-js/-/base64-js-1.5.1.tgz. Extracting by manifest.
1820 silly tarball no local data for ms@https://registry.npmjs.org/ms/-/ms-2.0.0.tgz. Extracting by manifest.
1821 silly tarball no local data for unpipe@https://registry.npmjs.org/unpipe/-/unpipe-1.0.0.tgz. Extracting by manifest.
1822 silly tarball no local data for raw-body@https://registry.npmjs.org/raw-body/-/raw-body-2.5.3.tgz. Extracting by manifest.
1823 silly tarball no local data for iconv-lite@https://registry.npmjs.org/iconv-lite/-/iconv-lite-0.4.24.tgz. Extracting by manifest.
1824 silly tarball no local data for destroy@https://registry.npmjs.org/destroy/-/destroy-1.2.0.tgz. Extracting by manifest.
1825 silly tarball no local data for bytes@https://registry.npmjs.org/bytes/-/bytes-3.1.2.tgz. Extracting by manifest.
1826 silly tarball no local data for negotiator@https://registry.npmjs.org/negotiator/-/negotiator-0.6.3.tgz. Extracting by manifest.
1827 silly tarball no local data for mime-types@https://registry.npmjs.org/mime-types/-/mime-types-2.1.35.tgz. Extracting by manifest.
1828 silly tarball no local data for vary@https://registry.npmjs.org/vary/-/vary-1.1.2.tgz. Extracting by manifest.
1829 silly tarball no local data for utils-merge@https://registry.npmjs.org/utils-merge/-/utils-merge-1.0.1.tgz. Extracting by manifest.
1830 silly tarball no local data for type-is@https://registry.npmjs.org/type-is/-/type-is-1.6.18.tgz. Extracting by manifest.
1831 silly tarball no local data for statuses@https://registry.npmjs.org/statuses/-/statuses-2.0.2.tgz. Extracting by manifest.
1832 silly tarball no local data for setprototypeof@https://registry.npmjs.org/setprototypeof/-/setprototypeof-1.2.0.tgz. Extracting by manifest.
1833 silly tarball no local data for serve-static@https://registry.npmjs.org/serve-static/-/serve-static-1.16.3.tgz. Extracting by manifest.
1834 silly tarball no local data for send@https://registry.npmjs.org/send/-/send-0.19.2.tgz. Extracting by manifest.
1835 silly tarball no local data for safe-buffer@https://registry.npmjs.org/safe-buffer/-/safe-buffer-5.2.1.tgz. Extracting by manifest.
1836 silly tarball no local data for range-parser@https://registry.npmjs.org/range-parser/-/range-parser-1.2.1.tgz. Extracting by manifest.
1837 silly tarball no local data for qs@https://registry.npmjs.org/qs/-/qs-6.16.0.tgz. Extracting by manifest.
1838 silly tarball no local data for proxy-addr@https://registry.npmjs.org/proxy-addr/-/proxy-addr-2.0.8.tgz. Extracting by manifest.
1839 silly tarball no local data for path-to-regexp@https://registry.npmjs.org/path-to-regexp/-/path-to-regexp-0.1.13.tgz. Extracting by manifest.
1840 silly tarball no local data for parseurl@https://registry.npmjs.org/parseurl/-/parseurl-1.3.3.tgz. Extracting by manifest.
1841 silly tarball no local data for on-finished@https://registry.npmjs.org/on-finished/-/on-finished-2.4.1.tgz. Extracting by manifest.
1842 silly tarball no local data for methods@https://registry.npmjs.org/methods/-/methods-1.1.2.tgz. Extracting by manifest.
1843 silly tarball no local data for merge-descriptors@https://registry.npmjs.org/merge-descriptors/-/merge-descriptors-1.0.3.tgz. Extracting by manifest.
1844 silly tarball no local data for http-errors@https://registry.npmjs.org/http-errors/-/http-errors-2.0.1.tgz. Extracting by manifest.
1845 silly tarball no local data for fresh@https://registry.npmjs.org/fresh/-/fresh-0.5.2.tgz. Extracting by manifest.
1846 silly tarball no local data for finalhandler@https://registry.npmjs.org/finalhandler/-/finalhandler-1.3.2.tgz. Extracting by manifest.
1847 silly tarball no local data for etag@https://registry.npmjs.org/etag/-/etag-1.8.1.tgz. Extracting by manifest.
1848 silly tarball no local data for escape-html@https://registry.npmjs.org/escape-html/-/escape-html-1.0.3.tgz. Extracting by manifest.
1849 silly tarball no local data for encodeurl@https://registry.npmjs.org/encodeurl/-/encodeurl-2.0.0.tgz. Extracting by manifest.
1850 silly tarball no local data for depd@https://registry.npmjs.org/depd/-/depd-2.0.0.tgz. Extracting by manifest.
1851 silly tarball no local data for debug@https://registry.npmjs.org/debug/-/debug-2.6.9.tgz. Extracting by manifest.
1852 silly tarball no local data for cookie-signature@https://registry.npmjs.org/cookie-signature/-/cookie-signature-1.0.7.tgz. Extracting by manifest.
1853 silly tarball no local data for cookie@https://registry.npmjs.org/cookie/-/cookie-0.7.2.tgz. Extracting by manifest.
1854 silly tarball no local data for content-type@https://registry.npmjs.org/content-type/-/content-type-1.0.5.tgz. Extracting by manifest.
1855 silly tarball no local data for content-disposition@https://registry.npmjs.org/content-disposition/-/content-disposition-0.5.4.tgz. Extracting by manifest.
1856 silly tarball no local data for body-parser@https://registry.npmjs.org/body-parser/-/body-parser-1.20.8.tgz. Extracting by manifest.
1857 silly tarball no local data for array-flatten@https://registry.npmjs.org/array-flatten/-/array-flatten-1.1.1.tgz. Extracting by manifest.
1858 silly tarball no local data for accepts@https://registry.npmjs.org/accepts/-/accepts-1.3.8.tgz. Extracting by manifest.
1859 silly tarball no local data for @esbuild/android-arm64@https://registry.npmjs.org/@esbuild/android-arm64/-/android-arm64-0.25.12.tgz. Extracting by manifest.
1860 silly tarball no local data for tapable@https://registry.npmjs.org/tapable/-/tapable-2.3.3.tgz. Extracting by manifest.
1861 silly tarball no local data for graceful-fs@https://registry.npmjs.org/graceful-fs/-/graceful-fs-4.2.11.tgz. Extracting by manifest.
1862 silly tarball no local data for update-browserslist-db@https://registry.npmjs.org/update-browserslist-db/-/update-browserslist-db-1.3.4.tgz. Extracting by manifest.
1863 silly tarball no local data for node-releases@https://registry.npmjs.org/node-releases/-/node-releases-2.0.58.tgz. Extracting by manifest.
1864 silly tarball no local data for electron-to-chromium@https://registry.npmjs.org/electron-to-chromium/-/electron-to-chromium-1.5.452.tgz. Extracting by manifest.
1865 silly tarball no local data for baseline-browser-mapping@https://registry.npmjs.org/baseline-browser-mapping/-/baseline-browser-mapping-2.11.28.tgz. Extracting by manifest.
1866 silly tarball no local data for postcss-value-parser@https://registry.npmjs.org/postcss-value-parser/-/postcss-value-parser-4.2.0.tgz. Extracting by manifest.
1867 silly tarball no local data for picocolors@https://registry.npmjs.org/picocolors/-/picocolors-1.1.1.tgz. Extracting by manifest.
1868 silly tarball no local data for fraction.js@https://registry.npmjs.org/fraction.js/-/fraction.js-5.3.4.tgz. Extracting by manifest.
1869 silly tarball no local data for caniuse-lite@https://registry.npmjs.org/caniuse-lite/-/caniuse-lite-1.0.30001815.tgz. Extracting by manifest.
1870 silly tarball no local data for browserslist@https://registry.npmjs.org/browserslist/-/browserslist-4.29.3.tgz. Extracting by manifest.
1871 silly tarball no local data for @rolldown/pluginutils@https://registry.npmjs.org/@rolldown/pluginutils/-/pluginutils-1.0.1.tgz. Extracting by manifest.
1872 silly tarball no local data for @types/http-errors@https://registry.npmjs.org/@types/http-errors/-/http-errors-2.0.5.tgz. Extracting by manifest.
1873 silly tarball no local data for csstype@https://registry.npmjs.org/csstype/-/csstype-3.2.3.tgz. Extracting by manifest.
1874 silly tarball no local data for undici-types@https://registry.npmjs.org/undici-types/-/undici-types-6.21.0.tgz. Extracting by manifest.
1875 silly tarball no local data for @types/send@https://registry.npmjs.org/@types/send/-/send-1.2.1.tgz. Extracting by manifest.
1876 silly tarball no local data for @types/range-parser@https://registry.npmjs.org/@types/range-parser/-/range-parser-1.2.7.tgz. Extracting by manifest.
1877 silly tarball no local data for @types/connect@https://registry.npmjs.org/@types/connect/-/connect-3.4.38.tgz. Extracting by manifest.
1878 silly tarball no local data for @types/serve-static@https://registry.npmjs.org/@types/serve-static/-/serve-static-1.15.10.tgz. Extracting by manifest.
1879 silly tarball no local data for @types/qs@https://registry.npmjs.org/@types/qs/-/qs-6.15.1.tgz. Extracting by manifest.
1880 silly tarball no local data for @types/express-serve-static-core@https://registry.npmjs.org/@types/express-serve-static-core/-/express-serve-static-core-4.19.9.tgz. Extracting by manifest.
1881 silly tarball no local data for @types/body-parser@https://registry.npmjs.org/@types/body-parser/-/body-parser-1.19.6.tgz. Extracting by manifest.
1882 silly tarball no local data for @tailwindcss/oxide-android-arm64@https://registry.npmjs.org/@tailwindcss/oxide-android-arm64/-/oxide-android-arm64-4.3.3.tgz. Extracting by manifest.
1883 silly tarball no local data for @jridgewell/resolve-uri@https://registry.npmjs.org/@jridgewell/resolve-uri/-/resolve-uri-3.1.2.tgz. Extracting by manifest.
1884 silly tarball no local data for @jridgewell/sourcemap-codec@https://registry.npmjs.org/@jridgewell/sourcemap-codec/-/sourcemap-codec-1.6.0.tgz. Extracting by manifest.
1885 silly tarball no local data for @jridgewell/trace-mapping@https://registry.npmjs.org/@jridgewell/trace-mapping/-/trace-mapping-0.3.31.tgz. Extracting by manifest.
1886 silly tarball no local data for @jridgewell/gen-mapping@https://registry.npmjs.org/@jridgewell/gen-mapping/-/gen-mapping-0.3.13.tgz. Extracting by manifest.
1887 silly tarball no local data for source-map-js@https://registry.npmjs.org/source-map-js/-/source-map-js-1.2.2.tgz. Extracting by manifest.
1888 silly tarball no local data for magic-string@https://registry.npmjs.org/magic-string/-/magic-string-0.30.21.tgz. Extracting by manifest.
1889 silly tarball no local data for lightningcss@https://registry.npmjs.org/lightningcss/-/lightningcss-1.32.0.tgz. Extracting by manifest.
1890 silly tarball no local data for jiti@https://registry.npmjs.org/jiti/-/jiti-2.7.0.tgz. Extracting by manifest.
1891 silly tarball no local data for enhanced-resolve@https://registry.npmjs.org/enhanced-resolve/-/enhanced-resolve-5.26.0.tgz. Extracting by manifest.
1892 silly tarball no local data for @jridgewell/remapping@https://registry.npmjs.org/@jridgewell/remapping/-/remapping-2.3.5.tgz. Extracting by manifest.
1893 silly tarball no local data for @tailwindcss/oxide@https://registry.npmjs.org/@tailwindcss/oxide/-/oxide-4.3.3.tgz. Extracting by manifest.
1894 silly tarball no local data for @tailwindcss/node@https://registry.npmjs.org/@tailwindcss/node/-/node-4.3.3.tgz. Extracting by manifest.
1895 silly tarball no local data for ws@https://registry.npmjs.org/ws/-/ws-8.22.0.tgz. Extracting by manifest.
1896 silly tarball no local data for protobufjs@https://registry.npmjs.org/protobufjs/-/protobufjs-7.6.6.tgz. Extracting by manifest.
1897 silly tarball no local data for p-retry@https://registry.npmjs.org/p-retry/-/p-retry-4.6.2.tgz. Extracting by manifest.
1898 silly tarball no local data for google-auth-library@https://registry.npmjs.org/google-auth-library/-/google-auth-library-10.9.1.tgz. Extracting by manifest.
1899 silly tarball no local data for vite@https://registry.npmjs.org/vite/-/vite-8.3.4.tgz. Extracting by manifest.
1900 silly tarball no local data for typescript@https://registry.npmjs.org/typescript/-/typescript-7.0.2.tgz. Extracting by manifest.
1901 silly tarball no local data for tsx@https://registry.npmjs.org/tsx/-/tsx-4.23.15.tgz. Extracting by manifest.
1902 silly tarball no local data for tailwindcss@https://registry.npmjs.org/tailwindcss/-/tailwindcss-4.3.3.tgz. Extracting by manifest.
1903 silly tarball no local data for react-dom@https://registry.npmjs.org/react-dom/-/react-dom-19.3.0.tgz. Extracting by manifest.
1904 silly tarball no local data for react@https://registry.npmjs.org/react/-/react-19.3.0.tgz. Extracting by manifest.
1905 silly tarball no local data for nodemailer@https://registry.npmjs.org/nodemailer/-/nodemailer-10.0.16.tgz. Extracting by manifest.
1906 silly tarball no local data for motion@https://registry.npmjs.org/motion/-/motion-12.43.0.tgz. Extracting by manifest.
1907 silly tarball no local data for mongodb@https://registry.npmjs.org/mongodb/-/mongodb-7.7.0.tgz. Extracting by manifest.
1908 silly tarball no local data for lucide-react@https://registry.npmjs.org/lucide-react/-/lucide-react-0.546.0.tgz. Extracting by manifest.
1909 silly tarball no local data for express@https://registry.npmjs.org/express/-/express-4.22.3.tgz. Extracting by manifest.
1910 silly tarball no local data for esbuild@https://registry.npmjs.org/esbuild/-/esbuild-0.25.12.tgz. Extracting by manifest.
1911 silly tarball no local data for dotenv@https://registry.npmjs.org/dotenv/-/dotenv-17.4.2.tgz. Extracting by manifest.
1912 silly tarball no local data for autoprefixer@https://registry.npmjs.org/autoprefixer/-/autoprefixer-10.6.1.tgz. Extracting by manifest.
1913 silly tarball no local data for @vitejs/plugin-react@https://registry.npmjs.org/@vitejs/plugin-react/-/plugin-react-6.1.2.tgz. Extracting by manifest.
1914 silly tarball no local data for @types/react-dom@https://registry.npmjs.org/@types/react-dom/-/react-dom-19.3.0.tgz. Extracting by manifest.
1915 silly tarball no local data for @types/react@https://registry.npmjs.org/@types/react/-/react-19.3.0.tgz. Extracting by manifest.
1916 silly tarball no local data for @types/nodemailer@https://registry.npmjs.org/@types/nodemailer/-/nodemailer-8.0.2.tgz. Extracting by manifest.
1917 silly tarball no local data for @types/node@https://registry.npmjs.org/@types/node/-/node-22.20.5.tgz. Extracting by manifest.
1918 silly tarball no local data for @types/express@https://registry.npmjs.org/@types/express/-/express-4.17.25.tgz. Extracting by manifest.
1919 silly tarball no local data for @tailwindcss/vite@https://registry.npmjs.org/@tailwindcss/vite/-/vite-4.3.3.tgz. Extracting by manifest.
1920 silly tarball no local data for @google/genai@https://registry.npmjs.org/@google/genai/-/genai-2.28.0.tgz. Extracting by manifest.
1921 silly tarball no local data for ms@https://registry.npmjs.org/ms/-/ms-2.1.3.tgz. Extracting by manifest.
1922 silly tarball no local data for debug@https://registry.npmjs.org/debug/-/debug-4.4.3.tgz. Extracting by manifest.
1923 silly tarball no local data for ms@https://registry.npmjs.org/ms/-/ms-2.1.3.tgz. Extracting by manifest.
1924 silly tarball no local data for @types/send@https://registry.npmjs.org/@types/send/-/send-0.17.6.tgz. Extracting by manifest.
1925 silly tarball no local data for lightningcss-android-arm64@https://registry.npmjs.org/lightningcss-android-arm64/-/lightningcss-android-arm64-1.33.0.tgz. Extracting by manifest.
1926 silly tarball no local data for lightningcss@https://registry.npmjs.org/lightningcss/-/lightningcss-1.33.0.tgz. Extracting by manifest.
1927 silly tarball no local data for @esbuild/android-arm64@https://registry.npmjs.org/@esbuild/android-arm64/-/android-arm64-0.28.2.tgz. Extracting by manifest.
1928 silly tarball no local data for esbuild@https://registry.npmjs.org/esbuild/-/esbuild-0.28.2.tgz. Extracting by manifest.
1929 http fetch POST 200 https://registry.npmjs.org/-/npm/v1/security/advisories/bulk 1144ms
1930 silly audit report {}
1931 http fetch GET 200 https://registry.npmjs.org/@types/mime/-/mime-1.3.5.tgz 778ms (cache miss)
1932 http fetch GET 200 https://registry.npmjs.org/punycode/-/punycode-2.3.1.tgz 778ms (cache miss)
1933 http fetch GET 200 https://registry.npmjs.org/webidl-conversions/-/webidl-conversions-7.0.0.tgz 862ms (cache miss)
1934 http fetch GET 200 https://registry.npmjs.org/fdir/-/fdir-6.5.0.tgz 878ms (cache miss)
1935 http fetch GET 200 https://registry.npmjs.org/memory-pager/-/memory-pager-1.5.0.tgz 926ms (cache miss)
1936 http fetch GET 200 https://registry.npmjs.org/math-intrinsics/-/math-intrinsics-1.1.0.tgz 962ms (cache miss)
1937 http fetch GET 200 https://registry.npmjs.org/dunder-proto/-/dunder-proto-1.0.1.tgz 991ms (cache miss)
1938 http fetch GET 200 https://registry.npmjs.org/hasown/-/hasown-2.0.4.tgz 1093ms (cache miss)
1939 http fetch GET 200 https://registry.npmjs.org/get-proto/-/get-proto-1.0.1.tgz 1263ms (cache miss)
1940 http fetch GET 200 https://registry.npmjs.org/has-symbols/-/has-symbols-1.1.0.tgz 1268ms (cache miss)
1941 http fetch GET 200 https://registry.npmjs.org/es-object-atoms/-/es-object-atoms-1.1.2.tgz 1288ms (cache miss)
1942 http fetch GET 200 https://registry.npmjs.org/function-bind/-/function-bind-1.1.2.tgz 1396ms (cache miss)
1943 http fetch GET 200 https://registry.npmjs.org/call-bind-apply-helpers/-/call-bind-apply-helpers-1.0.2.tgz 1520ms (cache miss)
1944 http fetch GET 200 https://registry.npmjs.org/side-channel-weakmap/-/side-channel-weakmap-1.0.2.tgz 1723ms (cache miss)
1945 http fetch GET 200 https://registry.npmjs.org/call-bound/-/call-bound-1.0.4.tgz 1812ms (cache miss)
1946 http fetch GET 200 https://registry.npmjs.org/side-channel-map/-/side-channel-map-1.0.1.tgz 1857ms (cache miss)
1947 http fetch GET 200 https://registry.npmjs.org/tinyglobby/-/tinyglobby-0.2.17.tgz 1894ms (cache miss)
1948 http fetch GET 200 https://registry.npmjs.org/nanoid/-/nanoid-3.3.20.tgz 1944ms (cache miss)
1949 http fetch GET 200 https://registry.npmjs.org/get-intrinsic/-/get-intrinsic-1.3.0.tgz 2024ms (cache miss)
1950 http fetch GET 200 https://registry.npmjs.org/tr46/-/tr46-5.1.1.tgz 2232ms (cache miss)
1951 http fetch GET 200 https://registry.npmjs.org/es-errors/-/es-errors-1.3.0.tgz 2267ms (cache miss)
1952 http fetch GET 200 https://registry.npmjs.org/mime/-/mime-1.6.0.tgz 2344ms (cache miss)
1953 http fetch GET 200 https://registry.npmjs.org/gopd/-/gopd-1.2.0.tgz 2411ms (cache miss)
1954 http fetch GET 200 https://registry.npmjs.org/side-channel/-/side-channel-1.1.1.tgz 2622ms (cache miss)
1955 http fetch GET 200 https://registry.npmjs.org/picomatch/-/picomatch-4.0.7.tgz 2688ms (cache miss)
1956 http fetch GET 200 https://registry.npmjs.org/escalade/-/escalade-3.2.0.tgz 2720ms (cache miss)
1957 http fetch GET 200 https://registry.npmjs.org/scheduler/-/scheduler-0.28.0.tgz 2805ms (cache miss)
1958 http fetch GET 200 https://registry.npmjs.org/forwarded/-/forwarded-0.2.0.tgz 2885ms (cache miss)
1959 http fetch GET 200 https://registry.npmjs.org/es-define-property/-/es-define-property-1.0.1.tgz 2888ms (cache miss)
1960 http fetch GET 200 https://registry.npmjs.org/ipaddr.js/-/ipaddr.js-1.9.1.tgz 2957ms (cache miss)
1961 http fetch GET 200 https://registry.npmjs.org/@oxc-project/types/-/types-0.153.0.tgz 3060ms (cache miss)
1962 http fetch GET 200 https://registry.npmjs.org/postcss/-/postcss-8.5.29.tgz 3275ms (cache miss)
1963 http fetch GET 200 https://registry.npmjs.org/@protobufjs/utf8/-/utf8-1.1.2.tgz 3264ms (cache miss)
1964 http fetch GET 200 https://registry.npmjs.org/object-inspect/-/object-inspect-1.13.4.tgz 3293ms (cache miss)
1965 http fetch GET 200 https://registry.npmjs.org/@protobufjs/fetch/-/fetch-1.1.1.tgz 3364ms (cache miss)
1966 http fetch GET 200 https://registry.npmjs.org/@protobufjs/eventemitter/-/eventemitter-1.1.1.tgz 3408ms (cache miss)
1967 http fetch GET 200 https://registry.npmjs.org/@protobufjs/codegen/-/codegen-2.0.5.tgz 3423ms (cache miss)
1968 http fetch GET 200 https://registry.npmjs.org/long/-/long-5.3.2.tgz 3456ms (cache miss)
1969 http fetch GET 200 https://registry.npmjs.org/side-channel-list/-/side-channel-list-1.0.1.tgz 3499ms (cache miss)
1970 http fetch GET 200 https://registry.npmjs.org/@protobufjs/path/-/path-1.1.2.tgz 3600ms (cache miss)
1971 http fetch GET 200 https://registry.npmjs.org/@protobufjs/float/-/float-1.0.2.tgz 3648ms (cache miss)
1972 http fetch GET 200 https://registry.npmjs.org/@types/retry/-/retry-0.12.0.tgz 3660ms (cache miss)
1973 http fetch GET 200 https://registry.npmjs.org/ee-first/-/ee-first-1.1.1.tgz 3730ms (cache miss)
1974 http fetch GET 200 https://registry.npmjs.org/retry/-/retry-0.13.1.tgz 3736ms (cache miss)
1975 http fetch GET 200 https://registry.npmjs.org/node-domexception/-/node-domexception-1.0.0.tgz 3805ms (cache miss)
1976 warn deprecated node-domexception@1.0.0: Use your platform's native DOMException instead
1977 http fetch GET 200 https://registry.npmjs.org/@protobufjs/base64/-/base64-1.1.2.tgz 3879ms (cache miss)
1978 http fetch GET 200 https://registry.npmjs.org/@protobufjs/pool/-/pool-1.1.0.tgz 3956ms (cache miss)
1979 http fetch GET 200 https://registry.npmjs.org/media-typer/-/media-typer-0.3.0.tgz 4062ms (cache miss)
1980 http fetch GET 200 https://registry.npmjs.org/data-uri-to-buffer/-/data-uri-to-buffer-4.0.1.tgz 4115ms (cache miss)
1981 http fetch GET 200 https://registry.npmjs.org/fetch-blob/-/fetch-blob-3.2.0.tgz 4119ms (cache miss)
1982 http fetch GET 200 https://registry.npmjs.org/formdata-polyfill/-/formdata-polyfill-4.0.10.tgz 4170ms (cache miss)
1983 http fetch GET 200 https://registry.npmjs.org/@types/whatwg-url/-/whatwg-url-13.0.0.tgz 4526ms (cache miss)
1984 http fetch GET 200 https://registry.npmjs.org/sparse-bitfield/-/sparse-bitfield-3.0.3.tgz 4585ms (cache miss)
1985 http fetch GET 200 https://registry.npmjs.org/@protobufjs/aspromise/-/aspromise-1.1.2.tgz 4610ms (cache miss)
1986 http fetch GET 200 https://registry.npmjs.org/motion-utils/-/motion-utils-12.39.0.tgz 4642ms (cache miss)
1987 http fetch GET 200 https://registry.npmjs.org/rolldown/-/rolldown-1.2.13.tgz 4841ms (cache miss)
1988 http fetch GET 200 https://registry.npmjs.org/tslib/-/tslib-2.8.1.tgz 4790ms (cache miss)
1989 http fetch GET 200 https://registry.npmjs.org/whatwg-url/-/whatwg-url-14.2.0.tgz 5039ms (cache miss)
1990 http fetch GET 200 https://registry.npmjs.org/@types/webidl-conversions/-/webidl-conversions-7.0.3.tgz 5042ms (cache miss)
1991 http fetch GET 200 https://registry.npmjs.org/@mongodb-js/saslprep/-/saslprep-1.6.0.tgz 5267ms (cache miss)
1992 http fetch GET 200 https://registry.npmjs.org/buffer-equal-constant-time/-/buffer-equal-constant-time-1.0.1.tgz 5399ms (cache miss)
1993 http fetch GET 200 https://registry.npmjs.org/mongodb-connection-string-url/-/mongodb-connection-string-url-7.0.2.tgz 5417ms (cache miss)
1994 http fetch GET 200 https://registry.npmjs.org/jwa/-/jwa-2.0.1.tgz 5456ms (cache miss)
1995 http fetch GET 200 https://registry.npmjs.org/detect-libc/-/detect-libc-2.1.2.tgz 6016ms (cache miss)
1996 http fetch GET 200 https://registry.npmjs.org/mime-db/-/mime-db-1.52.0.tgz 6064ms (cache miss)
1997 http fetch GET 200 https://registry.npmjs.org/toidentifier/-/toidentifier-1.0.1.tgz 6097ms (cache miss)
1998 http fetch GET 200 https://registry.npmjs.org/inherits/-/inherits-2.0.4.tgz 6151ms (cache miss)
1999 http fetch GET 200 https://registry.npmjs.org/json-bigint/-/json-bigint-1.0.0.tgz 6219ms (cache miss)
2000 http fetch GET 200 https://registry.npmjs.org/safer-buffer/-/safer-buffer-2.1.2.tgz 6568ms (cache miss)
2001 http fetch GET 200 https://registry.npmjs.org/https-proxy-agent/-/https-proxy-agent-7.0.6.tgz 6807ms (cache miss)
2002 http fetch GET 200 https://registry.npmjs.org/extend/-/extend-3.0.2.tgz 6874ms (cache miss)
2003 http fetch GET 200 https://registry.npmjs.org/jws/-/jws-4.0.1.tgz 6952ms (cache miss)
2004 http fetch GET 200 https://registry.npmjs.org/node-fetch/-/node-fetch-3.3.2.tgz 7172ms (cache miss)
2005 http fetch GET 200 https://registry.npmjs.org/ecdsa-sig-formatter/-/ecdsa-sig-formatter-1.0.11.tgz 7595ms (cache miss)
2006 http fetch GET 200 https://registry.npmjs.org/base64-js/-/base64-js-1.5.1.tgz 7653ms (cache miss)
2007 http fetch GET 200 https://registry.npmjs.org/bignumber.js/-/bignumber.js-9.3.1.tgz 7682ms (cache miss)
2008 http fetch GET 200 https://registry.npmjs.org/ms/-/ms-2.0.0.tgz 7729ms (cache miss)
2009 http fetch GET 200 https://registry.npmjs.org/google-logging-utils/-/google-logging-utils-1.1.3.tgz 7808ms (cache miss)
2010 http fetch GET 200 https://registry.npmjs.org/unpipe/-/unpipe-1.0.0.tgz 7964ms (cache miss)
2011 http fetch GET 200 https://registry.npmjs.org/gcp-metadata/-/gcp-metadata-8.1.2.tgz 8494ms (cache miss)
2012 http fetch GET 200 https://registry.npmjs.org/destroy/-/destroy-1.2.0.tgz 8503ms (cache miss)
2013 http fetch GET 200 https://registry.npmjs.org/bytes/-/bytes-3.1.2.tgz 8567ms (cache miss)
2014 http fetch GET 200 https://registry.npmjs.org/mime-types/-/mime-types-2.1.35.tgz 8738ms (cache miss)
2015 http fetch GET 200 https://registry.npmjs.org/negotiator/-/negotiator-0.6.3.tgz 8789ms (cache miss)
2016 http fetch GET 200 https://registry.npmjs.org/raw-body/-/raw-body-2.5.3.tgz 9076ms (cache miss)
2017 http fetch GET 200 https://registry.npmjs.org/agent-base/-/agent-base-7.1.4.tgz 9103ms (cache miss)
2018 http fetch GET 200 https://registry.npmjs.org/vary/-/vary-1.1.2.tgz 9213ms (cache miss)
2019 http fetch GET 200 https://registry.npmjs.org/utils-merge/-/utils-merge-1.0.1.tgz 9246ms (cache miss)
2020 http fetch GET 200 https://registry.npmjs.org/type-is/-/type-is-1.6.18.tgz 9344ms (cache miss)
2021 http fetch GET 200 https://registry.npmjs.org/statuses/-/statuses-2.0.2.tgz 9451ms (cache miss)
2022 http fetch GET 200 https://registry.npmjs.org/safe-buffer/-/safe-buffer-5.2.1.tgz 10037ms (cache miss)
2023 http fetch GET 200 https://registry.npmjs.org/range-parser/-/range-parser-1.2.1.tgz 10108ms (cache miss)
2024 http fetch GET 200 https://registry.npmjs.org/setprototypeof/-/setprototypeof-1.2.0.tgz 10343ms (cache miss)
2025 http fetch GET 200 https://registry.npmjs.org/proxy-addr/-/proxy-addr-2.0.8.tgz 10326ms (cache miss)
2026 http fetch GET 200 https://registry.npmjs.org/serve-static/-/serve-static-1.16.3.tgz 10707ms (cache miss)
2027 http fetch GET 200 https://registry.npmjs.org/parseurl/-/parseurl-1.3.3.tgz 10853ms (cache miss)
2028 http fetch GET 200 https://registry.npmjs.org/gaxios/-/gaxios-7.3.1.tgz 10954ms (cache miss)
2029 http fetch GET 200 https://registry.npmjs.org/on-finished/-/on-finished-2.4.1.tgz 11027ms (cache miss)
2030 http fetch GET 200 https://registry.npmjs.org/path-to-regexp/-/path-to-regexp-0.1.13.tgz 11289ms (cache miss)
2031 http fetch GET 200 https://registry.npmjs.org/merge-descriptors/-/merge-descriptors-1.0.3.tgz 11455ms (cache miss)
2032 http fetch GET 200 https://registry.npmjs.org/http-errors/-/http-errors-2.0.1.tgz 11619ms (cache miss)
2033 http fetch GET 200 https://registry.npmjs.org/methods/-/methods-1.1.2.tgz 11636ms (cache miss)
2034 http fetch GET 200 https://registry.npmjs.org/finalhandler/-/finalhandler-1.3.2.tgz 11630ms (cache miss)
2035 http fetch GET 200 https://registry.npmjs.org/fresh/-/fresh-0.5.2.tgz 11783ms (cache miss)
2036 http fetch GET 200 https://registry.npmjs.org/escape-html/-/escape-html-1.0.3.tgz 11938ms (cache miss)
2037 http fetch GET 200 https://registry.npmjs.org/encodeurl/-/encodeurl-2.0.0.tgz 11974ms (cache miss)
2038 http fetch GET 200 https://registry.npmjs.org/cookie-signature/-/cookie-signature-1.0.7.tgz 12125ms (cache miss)
2039 http fetch GET 200 https://registry.npmjs.org/etag/-/etag-1.8.1.tgz 12425ms (cache miss)
2040 http fetch GET 200 https://registry.npmjs.org/depd/-/depd-2.0.0.tgz 12532ms (cache miss)
2041 http fetch GET 200 https://registry.npmjs.org/content-type/-/content-type-1.0.5.tgz 12524ms (cache miss)
2042 http fetch GET 200 https://registry.npmjs.org/debug/-/debug-2.6.9.tgz 12535ms (cache miss)
2043 http fetch GET 200 https://registry.npmjs.org/content-disposition/-/content-disposition-0.5.4.tgz 12623ms (cache miss)
2044 http fetch GET 200 https://registry.npmjs.org/qs/-/qs-6.16.0.tgz 12865ms (cache miss)
2045 http fetch GET 200 https://registry.npmjs.org/array-flatten/-/array-flatten-1.1.1.tgz 13076ms (cache miss)
2046 http fetch GET 200 https://registry.npmjs.org/tapable/-/tapable-2.3.3.tgz 13360ms (cache miss)
2047 http fetch GET 200 https://registry.npmjs.org/cookie/-/cookie-0.7.2.tgz 13711ms (cache miss)
2048 http fetch GET 200 https://registry.npmjs.org/graceful-fs/-/graceful-fs-4.2.11.tgz 13928ms (cache miss)
2049 http fetch GET 200 https://registry.npmjs.org/body-parser/-/body-parser-1.20.8.tgz 13959ms (cache miss)
2050 http fetch GET 200 https://registry.npmjs.org/accepts/-/accepts-1.3.8.tgz 14080ms (cache miss)
2051 http fetch GET 200 https://registry.npmjs.org/update-browserslist-db/-/update-browserslist-db-1.3.4.tgz 14210ms (cache miss)
2052 http fetch GET 200 https://registry.npmjs.org/node-releases/-/node-releases-2.0.58.tgz 14349ms (cache miss)
2053 http fetch GET 200 https://registry.npmjs.org/iconv-lite/-/iconv-lite-0.4.24.tgz 14641ms (cache miss)
2054 http fetch GET 200 https://registry.npmjs.org/send/-/send-0.19.2.tgz 14634ms (cache miss)
2055 http fetch GET 200 https://registry.npmjs.org/postcss-value-parser/-/postcss-value-parser-4.2.0.tgz 15540ms (cache miss)
2056 http fetch GET 200 https://registry.npmjs.org/picocolors/-/picocolors-1.1.1.tgz 15736ms (cache miss)
2057 http fetch GET 200 https://registry.npmjs.org/fraction.js/-/fraction.js-5.3.4.tgz 16498ms (cache miss)
2058 http fetch GET 200 https://registry.npmjs.org/browserslist/-/browserslist-4.29.3.tgz 16690ms (cache miss)
2059 http fetch GET 200 https://registry.npmjs.org/baseline-browser-mapping/-/baseline-browser-mapping-2.11.28.tgz 16945ms (cache miss)
2060 http fetch GET 200 https://registry.npmjs.org/@types/http-errors/-/http-errors-2.0.5.tgz 17628ms (cache miss)
2061 http fetch GET 200 https://registry.npmjs.org/@types/send/-/send-1.2.1.tgz 17781ms (cache miss)
2062 http fetch GET 200 https://registry.npmjs.org/@types/range-parser/-/range-parser-1.2.7.tgz 17959ms (cache miss)
2063 http fetch GET 200 https://registry.npmjs.org/undici-types/-/undici-types-6.21.0.tgz 18689ms (cache miss)
2064 http fetch GET 200 https://registry.npmjs.org/@types/connect/-/connect-3.4.38.tgz 18687ms (cache miss)
2065 http fetch GET 200 https://registry.npmjs.org/@types/serve-static/-/serve-static-1.15.10.tgz 18739ms (cache miss)
2066 http fetch GET 200 https://registry.npmjs.org/electron-to-chromium/-/electron-to-chromium-1.5.452.tgz 18902ms (cache miss)
2067 http fetch GET 200 https://registry.npmjs.org/@types/qs/-/qs-6.15.1.tgz 18873ms (cache miss)
2068 http fetch GET 200 https://registry.npmjs.org/bson/-/bson-7.3.3.tgz 19469ms (cache miss)
2069 http fetch GET 200 https://registry.npmjs.org/@types/body-parser/-/body-parser-1.19.6.tgz 19706ms (cache miss)
2070 http fetch GET 200 https://registry.npmjs.org/@types/express-serve-static-core/-/express-serve-static-core-4.19.9.tgz 19860ms (cache miss)
2071 http fetch GET 200 https://registry.npmjs.org/@jridgewell/resolve-uri/-/resolve-uri-3.1.2.tgz 19983ms (cache miss)
2072 http fetch GET 200 https://registry.npmjs.org/@rolldown/pluginutils/-/pluginutils-1.0.1.tgz 21147ms (cache miss)
2073 http fetch GET 200 https://registry.npmjs.org/@jridgewell/sourcemap-codec/-/sourcemap-codec-1.6.0.tgz 22147ms (cache miss)
2074 http fetch GET 200 https://registry.npmjs.org/@jridgewell/gen-mapping/-/gen-mapping-0.3.13.tgz 22978ms (cache miss)
2075 http fetch GET 200 https://registry.npmjs.org/source-map-js/-/source-map-js-1.2.2.tgz 23314ms (cache miss)
2076 http fetch GET 200 https://registry.npmjs.org/@jridgewell/trace-mapping/-/trace-mapping-0.3.31.tgz 23333ms (cache miss)
2077 http fetch GET 200 https://registry.npmjs.org/@tailwindcss/oxide/-/oxide-4.3.3.tgz 24065ms (cache miss)
2078 http fetch GET 200 https://registry.npmjs.org/magic-string/-/magic-string-0.30.21.tgz 25222ms (cache miss)
2079 http fetch GET 200 https://registry.npmjs.org/@jridgewell/remapping/-/remapping-2.3.5.tgz 25267ms (cache miss)
2080 http fetch GET 200 https://registry.npmjs.org/caniuse-lite/-/caniuse-lite-1.0.30001815.tgz 25956ms (cache miss)
2081 http fetch GET 200 https://registry.npmjs.org/p-retry/-/p-retry-4.6.2.tgz 26707ms (cache miss)
2082 http fetch GET 200 https://registry.npmjs.org/@tailwindcss/node/-/node-4.3.3.tgz 26979ms (cache miss)
2083 http fetch GET 200 https://registry.npmjs.org/ws/-/ws-8.22.0.tgz 27356ms (cache miss)
2084 http fetch GET 200 https://registry.npmjs.org/motion-dom/-/motion-dom-12.43.0.tgz 30639ms (cache miss)
2085 http fetch GET 200 https://registry.npmjs.org/google-auth-library/-/google-auth-library-10.9.1.tgz 32009ms (cache miss)
2086 http fetch GET 200 https://registry.npmjs.org/enhanced-resolve/-/enhanced-resolve-5.26.0.tgz 32825ms (cache miss)
2087 http fetch GET 200 https://registry.npmjs.org/csstype/-/csstype-3.2.3.tgz 34936ms (cache miss)
2088 http fetch GET 200 https://registry.npmjs.org/tsx/-/tsx-4.23.15.tgz 36196ms (cache miss)
2089 http fetch GET 200 https://registry.npmjs.org/lightningcss/-/lightningcss-1.32.0.tgz 37452ms (cache miss)
2090 http fetch GET 200 https://registry.npmjs.org/react/-/react-19.3.0.tgz 37915ms (cache miss)
2091 http fetch GET 200 https://registry.npmjs.org/tailwindcss/-/tailwindcss-4.3.3.tgz 39169ms (cache miss)
2092 http fetch GET 200 https://registry.npmjs.org/typescript/-/typescript-7.0.2.tgz 44603ms (cache miss)
2093 http fetch GET 200 https://registry.npmjs.org/express/-/express-4.22.3.tgz 47229ms (cache miss)
2094 http fetch GET 200 https://registry.npmjs.org/esbuild/-/esbuild-0.25.12.tgz 49336ms (cache miss)
2095 http fetch GET 200 https://registry.npmjs.org/nodemailer/-/nodemailer-10.0.16.tgz 52044ms (cache miss)
2096 http fetch GET 200 https://registry.npmjs.org/dotenv/-/dotenv-17.4.2.tgz 52949ms (cache miss)
2097 http fetch GET 200 https://registry.npmjs.org/autoprefixer/-/autoprefixer-10.6.1.tgz 54496ms (cache miss)
2098 http fetch GET 200 https://registry.npmjs.org/@vitejs/plugin-react/-/plugin-react-6.1.2.tgz 54592ms (cache miss)
2099 http fetch GET 200 https://registry.npmjs.org/@types/react-dom/-/react-dom-19.3.0.tgz 55457ms (cache miss)
2100 http fetch GET 200 https://registry.npmjs.org/protobufjs/-/protobufjs-7.6.6.tgz 55609ms (cache miss)
2101 http fetch GET 200 https://registry.npmjs.org/@types/nodemailer/-/nodemailer-8.0.2.tgz 56783ms (cache miss)
2102 http fetch GET 200 https://registry.npmjs.org/@types/express/-/express-4.17.25.tgz 57204ms (cache miss)
2103 http fetch GET 200 https://registry.npmjs.org/@tailwindcss/vite/-/vite-4.3.3.tgz 57805ms (cache miss)
2104 http fetch GET 200 https://registry.npmjs.org/vite/-/vite-8.3.4.tgz 58062ms (cache miss)
2105 http fetch GET 200 https://registry.npmjs.org/ms/-/ms-2.1.3.tgz 58485ms (cache miss)
2106 http fetch GET 200 https://registry.npmjs.org/motion/-/motion-12.43.0.tgz 59032ms (cache miss)
2107 http fetch GET 200 https://registry.npmjs.org/@types/react/-/react-19.3.0.tgz 59418ms (cache miss)
2108 http fetch GET 200 https://registry.npmjs.org/debug/-/debug-4.4.3.tgz 59675ms (cache miss)
2109 http fetch GET 200 https://registry.npmjs.org/ms/-/ms-2.1.3.tgz 59674ms (cache miss)
2110 http fetch GET 200 https://registry.npmjs.org/@types/send/-/send-0.17.6.tgz 60679ms (cache miss)
2111 http fetch GET 200 https://registry.npmjs.org/jiti/-/jiti-2.7.0.tgz 63955ms (cache miss)
2112 http fetch GET 200 https://registry.npmjs.org/framer-motion/-/framer-motion-12.43.0.tgz 66933ms (cache miss)
2113 http fetch GET 200 https://registry.npmjs.org/esbuild/-/esbuild-0.28.2.tgz 66828ms (cache miss)
2114 http fetch GET 200 https://registry.npmjs.org/lightningcss/-/lightningcss-1.33.0.tgz 67972ms (cache miss)
2115 http fetch GET 200 https://registry.npmjs.org/@tailwindcss/oxide-android-arm64/-/oxide-android-arm64-4.3.3.tgz 76647ms (cache miss)
2116 http fetch GET 200 https://registry.npmjs.org/web-streams-polyfill/-/web-streams-polyfill-3.3.3.tgz 78215ms (cache miss)
2117 http fetch GET 200 https://registry.npmjs.org/@types/node/-/node-22.20.5.tgz 78514ms (cache miss)
2118 http fetch GET 200 https://registry.npmjs.org/mongodb/-/mongodb-7.7.0.tgz 88499ms (cache miss)
2119 http fetch GET 200 https://registry.npmjs.org/react-dom/-/react-dom-19.3.0.tgz 90232ms (cache miss)
2120 http fetch GET 200 https://registry.npmjs.org/lightningcss-android-arm64/-/lightningcss-android-arm64-1.32.0.tgz 110129ms (cache miss)
2121 http fetch GET 200 https://registry.npmjs.org/@google/genai/-/genai-2.28.0.tgz 118715ms (cache miss)
2122 http fetch GET 200 https://registry.npmjs.org/lucide-react/-/lucide-react-0.546.0.tgz 129351ms (cache miss)
2123 http fetch GET 200 https://registry.npmjs.org/@esbuild/android-arm64/-/android-arm64-0.25.12.tgz 142809ms (cache miss)
2124 http fetch GET 200 https://registry.npmjs.org/lightningcss-android-arm64/-/lightningcss-android-arm64-1.33.0.tgz 145984ms (cache miss)
2125 http fetch GET 200 https://registry.npmjs.org/@esbuild/android-arm64/-/android-arm64-0.28.2.tgz 155248ms (cache miss)
2126 http fetch GET 200 https://registry.npmjs.org/@rolldown/binding-android-arm64/-/binding-android-arm64-1.2.13.tgz 157723ms (cache miss)
2127 info run @google/genai@2.28.0 preinstall node_modules/@google/genai echo 'preinstall: no-op'
2128 info run @google/genai@2.28.0 preinstall { code: 0, signal: null }
2129 info run esbuild@0.25.12 postinstall node_modules/esbuild node install.js
2130 info run protobufjs@7.6.6 postinstall node_modules/protobufjs node scripts/postinstall
2131 info run esbuild@0.28.2 postinstall node_modules/tsx/node_modules/esbuild node install.js
2132 info run protobufjs@7.6.6 postinstall { code: 0, signal: null }
2133 info run esbuild@0.25.12 postinstall { code: 0, signal: null }
2134 info run esbuild@0.28.2 postinstall { code: 0, signal: null }
2135 silly ADD node_modules/@types/mime
2136 silly ADD node_modules/punycode
2137 silly ADD node_modules/webidl-conversions
2138 silly ADD node_modules/tr46
2139 silly ADD node_modules/fdir
2140 silly ADD node_modules/@rolldown/binding-android-arm64
2141 silly ADD node_modules/@oxc-project/types
2142 silly ADD node_modules/nanoid
2143 silly ADD node_modules/tinyglobby
2144 silly ADD node_modules/rolldown
2145 silly ADD node_modules/postcss
2146 silly ADD node_modules/picomatch
2147 silly ADD node_modules/escalade
2148 silly ADD node_modules/media-typer
2149 silly ADD node_modules/memory-pager
2150 silly ADD node_modules/dunder-proto
2151 silly ADD node_modules/math-intrinsics
2152 silly ADD node_modules/hasown
2153 silly ADD node_modules/has-symbols
2154 silly ADD node_modules/gopd
2155 silly ADD node_modules/get-proto
2156 silly ADD node_modules/es-object-atoms
2157 silly ADD node_modules/function-bind
2158 silly ADD node_modules/call-bind-apply-helpers
2159 silly ADD node_modules/get-intrinsic
2160 silly ADD node_modules/call-bound
2161 silly ADD node_modules/side-channel-weakmap
2162 silly ADD node_modules/side-channel-map
2163 silly ADD node_modules/side-channel-list
2164 silly ADD node_modules/object-inspect
2165 silly ADD node_modules/es-errors
2166 silly ADD node_modules/mime
2167 silly ADD node_modules/scheduler
2168 silly ADD node_modules/side-channel
2169 silly ADD node_modules/es-define-property
2170 silly ADD node_modules/ipaddr.js
2171 silly ADD node_modules/forwarded
2172 silly ADD node_modules/long
2173 silly ADD node_modules/@protobufjs/utf8
2174 silly ADD node_modules/@protobufjs/pool
2175 silly ADD node_modules/@protobufjs/path
2176 silly ADD node_modules/@protobufjs/float
2177 silly ADD node_modules/@protobufjs/fetch
2178 silly ADD node_modules/@protobufjs/eventemitter
2179 silly ADD node_modules/@protobufjs/codegen
2180 silly ADD node_modules/@protobufjs/base64
2181 silly ADD node_modules/@protobufjs/aspromise
2182 silly ADD node_modules/retry
2183 silly ADD node_modules/@types/retry
2184 silly ADD node_modules/ee-first
2185 silly ADD node_modules/web-streams-polyfill
2186 silly ADD node_modules/node-domexception
2187 silly ADD node_modules/formdata-polyfill
2188 silly ADD node_modules/fetch-blob
2189 silly ADD node_modules/data-uri-to-buffer
2190 silly ADD node_modules/motion-utils
2191 silly ADD node_modules/motion-dom
2192 silly ADD node_modules/tslib
2193 silly ADD node_modules/framer-motion
2194 silly ADD node_modules/@types/webidl-conversions
2195 silly ADD node_modules/whatwg-url
2196 silly ADD node_modules/@types/whatwg-url
2197 silly ADD node_modules/sparse-bitfield
2198 silly ADD node_modules/mongodb-connection-string-url
2199 silly ADD node_modules/bson
2200 silly ADD node_modules/@mongodb-js/saslprep
2201 silly ADD node_modules/mime-db
2202 silly ADD node_modules/lightningcss-android-arm64
2203 silly ADD node_modules/detect-libc
2204 silly ADD node_modules/buffer-equal-constant-time
2205 silly ADD node_modules/jwa
2206 silly ADD node_modules/bignumber.js
2207 silly ADD node_modules/safer-buffer
2208 silly ADD node_modules/agent-base
2209 silly ADD node_modules/toidentifier
2210 silly ADD node_modules/inherits
2211 silly ADD node_modules/json-bigint
2212 silly ADD node_modules/node-fetch
2213 silly ADD node_modules/https-proxy-agent
2214 silly ADD node_modules/https-proxy-agent/node_modules/ms
2215 silly ADD node_modules/https-proxy-agent/node_modules/debug
2216 silly ADD node_modules/extend
2217 silly ADD node_modules/jws
2218 silly ADD node_modules/google-logging-utils
2219 silly ADD node_modules/gcp-metadata
2220 silly ADD node_modules/gaxios
2221 silly ADD node_modules/ecdsa-sig-formatter
2222 silly ADD node_modules/base64-js
2223 silly ADD node_modules/ms
2224 silly ADD node_modules/unpipe
2225 silly ADD node_modules/raw-body
2226 silly ADD node_modules/iconv-lite
2227 silly ADD node_modules/destroy
2228 silly ADD node_modules/bytes
2229 silly ADD node_modules/negotiator
2230 silly ADD node_modules/mime-types
2231 silly ADD node_modules/vary
2232 silly ADD node_modules/utils-merge
2233 silly ADD node_modules/type-is
2234 silly ADD node_modules/statuses
2235 silly ADD node_modules/setprototypeof
2236 silly ADD node_modules/serve-static
2237 silly ADD node_modules/send
2238 silly ADD node_modules/send/node_modules/ms
2239 silly ADD node_modules/safe-buffer
2240 silly ADD node_modules/range-parser
2241 silly ADD node_modules/qs
2242 silly ADD node_modules/proxy-addr
2243 silly ADD node_modules/path-to-regexp
2244 silly ADD node_modules/parseurl
2245 silly ADD node_modules/on-finished
2246 silly ADD node_modules/methods
2247 silly ADD node_modules/merge-descriptors
2248 silly ADD node_modules/http-errors
2249 silly ADD node_modules/fresh
2250 silly ADD node_modules/finalhandler
2251 silly ADD node_modules/etag
2252 silly ADD node_modules/escape-html
2253 silly ADD node_modules/encodeurl
2254 silly ADD node_modules/depd
2255 silly ADD node_modules/debug
2256 silly ADD node_modules/cookie-signature
2257 silly ADD node_modules/cookie
2258 silly ADD node_modules/content-type
2259 silly ADD node_modules/content-disposition
2260 silly ADD node_modules/body-parser
2261 silly ADD node_modules/array-flatten
2262 silly ADD node_modules/accepts
2263 silly ADD node_modules/@esbuild/android-arm64
2264 silly ADD node_modules/tapable
2265 silly ADD node_modules/graceful-fs
2266 silly ADD node_modules/update-browserslist-db
2267 silly ADD node_modules/node-releases
2268 silly ADD node_modules/electron-to-chromium
2269 silly ADD node_modules/baseline-browser-mapping
2270 silly ADD node_modules/postcss-value-parser
2271 silly ADD node_modules/picocolors
2272 silly ADD node_modules/fraction.js
2273 silly ADD node_modules/caniuse-lite
2274 silly ADD node_modules/browserslist
2275 silly ADD node_modules/@rolldown/pluginutils
2276 silly ADD node_modules/@types/http-errors
2277 silly ADD node_modules/csstype
2278 silly ADD node_modules/undici-types
2279 silly ADD node_modules/@types/send
2280 silly ADD node_modules/@types/range-parser
2281 silly ADD node_modules/@types/connect
2282 silly ADD node_modules/@types/serve-static
2283 silly ADD node_modules/@types/serve-static/node_modules/@types/send
2284 silly ADD node_modules/@types/qs
2285 silly ADD node_modules/@types/express-serve-static-core
2286 silly ADD node_modules/@types/body-parser
2287 silly ADD node_modules/@tailwindcss/oxide-android-arm64
2288 silly ADD node_modules/@jridgewell/resolve-uri
2289 silly ADD node_modules/@jridgewell/sourcemap-codec
2290 silly ADD node_modules/@jridgewell/trace-mapping
2291 silly ADD node_modules/@jridgewell/gen-mapping
2292 silly ADD node_modules/source-map-js
2293 silly ADD node_modules/magic-string
2294 silly ADD node_modules/lightningcss
2295 silly ADD node_modules/jiti
2296 silly ADD node_modules/enhanced-resolve
2297 silly ADD node_modules/@jridgewell/remapping
2298 silly ADD node_modules/@tailwindcss/oxide
2299 silly ADD node_modules/@tailwindcss/node
2300 silly ADD node_modules/ws
2301 silly ADD node_modules/protobufjs
2302 silly ADD node_modules/p-retry
2303 silly ADD node_modules/google-auth-library
2304 silly ADD node_modules/vite
2305 silly ADD node_modules/vite/node_modules/lightningcss-android-arm64
2306 silly ADD node_modules/vite/node_modules/lightningcss
2307 silly ADD node_modules/typescript
2308 silly ADD node_modules/tsx
2309 silly ADD node_modules/tsx/node_modules/@esbuild/android-arm64
2310 silly ADD node_modules/tsx/node_modules/esbuild
2311 silly ADD node_modules/tailwindcss
2312 silly ADD node_modules/react-dom
2313 silly ADD node_modules/react
2314 silly ADD node_modules/nodemailer
2315 silly ADD node_modules/motion
2316 silly ADD node_modules/mongodb
2317 silly ADD node_modules/lucide-react
2318 silly ADD node_modules/express
2319 silly ADD node_modules/esbuild
2320 silly ADD node_modules/dotenv
2321 silly ADD node_modules/autoprefixer
2322 silly ADD node_modules/@vitejs/plugin-react
2323 silly ADD node_modules/@types/react-dom
2324 silly ADD node_modules/@types/react
2325 silly ADD node_modules/@types/nodemailer
2326 silly ADD node_modules/@types/node
2327 silly ADD node_modules/@types/express
2328 silly ADD node_modules/@tailwindcss/vite
2329 silly ADD node_modules/@google/genai
2330 warn install-scripts 4 packages have install scripts not yet covered by allowScripts:
2330 warn install-scripts   @google/genai@2.28.0 (preinstall: echo 'preinstall: no-op')
2330 warn install-scripts   esbuild@0.25.12 (postinstall: node install.js)
2330 warn install-scripts   protobufjs@7.6.6 (postinstall: node scripts/postinstall)
2330 warn install-scripts   esbuild@0.28.2 (postinstall: node install.js)
2330 warn install-scripts
2330 warn install-scripts Run `npm install-scripts ls` to review, or `npm install-scripts approve <pkg>` to allow.
2331 verbose cwd /data/data/com.termux/files/home/website
2332 verbose os Linux 5.4.226-qgki-27531447-abX210XXU1AWJ1
2333 verbose node v24.18.0
2334 verbose npm  v11.20.0
2335 verbose exit 0
2336 info ok
